id,area,rt,mz_range:min,mz_range:max,fragment_scans,alignment_scores:rate,alignment_scores:aligned_features_n,alignment_scores:align_extra_features,alignment_scores:weighted_distance_score,alignment_scores:mz_diff_ppm,alignment_scores:mz_diff,alignment_scores:rt_absolute_error,rt_range:min,rt_range:max,mz,intensity_range:min,intensity_range:max,height,compound_db_identity:compound_db_identity,compound_db_identity:compound_name,compound_db_identity:compound_annotation_score,compound_db_identity:mol_formula,compound_db_identity:adduct,compound_db_identity:precursor_mz,compound_db_identity:mz_diff_ppm,compound_db_identity:neutral_mass,compound_db_identity:rt,datafile:009_Solvent_STD7_Q48ppb_MS2_neg_r2_211119181139.mzML:area,datafile:009_Solvent_STD7_Q48ppb_MS2_neg_r2_211119181139.mzML:rt,datafile:009_Solvent_STD7_Q48ppb_MS2_neg_r2_211119181139.mzML:mz_range:min,datafile:009_Solvent_STD7_Q48ppb_MS2_neg_r2_211119181139.mzML:mz_range:max,datafile:009_Solvent_STD7_Q48ppb_MS2_neg_r2_211119181139.mzML:fragment_scans,datafile:009_Solvent_STD7_Q48ppb_MS2_neg_r2_211119181139.mzML:rt_ms2_apex_distance,datafile:009_Solvent_STD7_Q48ppb_MS2_neg_r2_211119181139.mzML:fwhm,datafile:009_Solvent_STD7_Q48ppb_MS2_neg_r2_211119181139.mzML:rt_range:min,datafile:009_Solvent_STD7_Q48ppb_MS2_neg_r2_211119181139.mzML:rt_range:max,datafile:009_Solvent_STD7_Q48ppb_MS2_neg_r2_211119181139.mzML:feature_state,datafile:009_Solvent_STD7_Q48ppb_MS2_neg_r2_211119181139.mzML:mz,datafile:009_Solvent_STD7_Q48ppb_MS2_neg_r2_211119181139.mzML:intensity_range:min,datafile:009_Solvent_STD7_Q48ppb_MS2_neg_r2_211119181139.mzML:intensity_range:max,datafile:009_Solvent_STD7_Q48ppb_MS2_neg_r2_211119181139.mzML:asymmetry_factor,datafile:009_Solvent_STD7_Q48ppb_MS2_neg_r2_211119181139.mzML:tailing_factor,datafile:009_Solvent_STD7_Q48ppb_MS2_neg_r2_211119181139.mzML:height,datafile:010_Solvent_STD7_Q48ppb_MS2_neg_r3_211119182821.mzML:area,datafile:010_Solvent_STD7_Q48ppb_MS2_neg_r3_211119182821.mzML:rt,datafile:010_Solvent_STD7_Q48ppb_MS2_neg_r3_211119182821.mzML:mz_range:min,datafile:010_Solvent_STD7_Q48ppb_MS2_neg_r3_211119182821.mzML:mz_range:max,datafile:010_Solvent_STD7_Q48ppb_MS2_neg_r3_211119182821.mzML:fragment_scans,datafile:010_Solvent_STD7_Q48ppb_MS2_neg_r3_211119182821.mzML:rt_ms2_apex_distance,datafile:010_Solvent_STD7_Q48ppb_MS2_neg_r3_211119182821.mzML:fwhm,datafile:010_Solvent_STD7_Q48ppb_MS2_neg_r3_211119182821.mzML:rt_range:min,datafile:010_Solvent_STD7_Q48ppb_MS2_neg_r3_211119182821.mzML:rt_range:max,datafile:010_Solvent_STD7_Q48ppb_MS2_neg_r3_211119182821.mzML:feature_state,datafile:010_Solvent_STD7_Q48ppb_MS2_neg_r3_211119182821.mzML:mz,datafile:010_Solvent_STD7_Q48ppb_MS2_neg_r3_211119182821.mzML:intensity_range:min,datafile:010_Solvent_STD7_Q48ppb_MS2_neg_r3_211119182821.mzML:intensity_range:max,datafile:010_Solvent_STD7_Q48ppb_MS2_neg_r3_211119182821.mzML:asymmetry_factor,datafile:010_Solvent_STD7_Q48ppb_MS2_neg_r3_211119182821.mzML:tailing_factor,datafile:010_Solvent_STD7_Q48ppb_MS2_neg_r3_211119182821.mzML:height,datafile:008_Solvent_STD7_Q48ppb_MS2_neg_r1_211119173944.mzML:area,datafile:008_Solvent_STD7_Q48ppb_MS2_neg_r1_211119173944.mzML:rt,datafile:008_Solvent_STD7_Q48ppb_MS2_neg_r1_211119173944.mzML:mz_range:min,datafile:008_Solvent_STD7_Q48ppb_MS2_neg_r1_211119173944.mzML:mz_range:max,datafile:008_Solvent_STD7_Q48ppb_MS2_neg_r1_211119173944.mzML:fragment_scans,datafile:008_Solvent_STD7_Q48ppb_MS2_neg_r1_211119173944.mzML:rt_ms2_apex_distance,datafile:008_Solvent_STD7_Q48ppb_MS2_neg_r1_211119173944.mzML:fwhm,datafile:008_Solvent_STD7_Q48ppb_MS2_neg_r1_211119173944.mzML:rt_range:min,datafile:008_Solvent_STD7_Q48ppb_MS2_neg_r1_211119173944.mzML:rt_range:max,datafile:008_Solvent_STD7_Q48ppb_MS2_neg_r1_211119173944.mzML:feature_state,datafile:008_Solvent_STD7_Q48ppb_MS2_neg_r1_211119173944.mzML:mz,datafile:008_Solvent_STD7_Q48ppb_MS2_neg_r1_211119173944.mzML:intensity_range:min,datafile:008_Solvent_STD7_Q48ppb_MS2_neg_r1_211119173944.mzML:intensity_range:max,datafile:008_Solvent_STD7_Q48ppb_MS2_neg_r1_211119173944.mzML:asymmetry_factor,datafile:008_Solvent_STD7_Q48ppb_MS2_neg_r1_211119173944.mzML:tailing_factor,datafile:008_Solvent_STD7_Q48ppb_MS2_neg_r1_211119173944.mzML:height
158,1.192E5,3.051,123.04503,123.04535,102,1,3,0,0.98,0.08,0.00001,0.011,3.001,3.461,123.04517,1.131E4,1.136E6,1.136E6,,,,,,,,,,9.72E4,3.06,123.04513,123.04539,14,-0.047,0.12,3.002,3.42,DETECTED,123.04519,1.231E4,8.193E5,2.886,2.801,8.193E5,1.052E5,3.059,123.04507,123.04533,44,-0.055,0.12,3.001,3.461,DETECTED,123.04516,1.296E4,9.391E5,2.199,2.928,9.391E5,1.192E5,3.035,123.04503,123.04535,44,-0.031,0.498,3.001,3.444,DETECTED,123.04517,1.131E4,1.136E6,4.997,4.619,1.136E6
323,4.46E5,3.111,109.02939,109.02961,264,1,3,0,0.99,0.1,0.00001,0.004,3.001,3.896,109.02948,1.413E4,3.683E6,3.683E6,,,,,,,,,,4.28E5,3.112,109.02945,109.02959,90,-0.096,0.085,3.002,3.623,DETECTED,109.0295,2.687E4,3.68E6,2.191,2.113,3.68E6,4.173E5,3.115,109.02933,109.02961,87,-0.101,0.083,3.001,3.896,DETECTED,109.02947,1.413E4,3.579E6,1.79,2.056,3.579E6,4.46E5,3.105,109.02939,109.02961,87,-0.098,0.085,3.001,3.828,DETECTED,109.02948,1.674E4,3.683E6,1.931,2.2,3.683E6
1251,1.509E4,3.495,137.02423,137.0246,47,1,3,1,0.99,0.08,0.00001,0.007,3.303,3.621,137.02439,1.445E4,1.149E5,1.149E5,,,,,,,,,,1.509E4,3.488,137.02425,137.02454,14,-0.015,0.123,3.326,3.621,DETECTED,137.02441,2.288E4,1.002E5,0.814,0.907,1.002E5,1.443E4,3.505,137.02422,137.02452,17,-0.033,0.095,3.327,3.612,DETECTED,137.02438,1.616E4,1.149E5,0.59,0.798,1.149E5,1.39E4,3.492,137.02423,137.0246,16,-0.043,0.105,3.303,3.615,DETECTED,137.02439,1.445E4,1.024E5,0.647,0.827,1.024E5
1876,4.249E4,3.73,137.02423,137.02455,119,1,3,0,0.98,0.1,0.00001,0.011,3.612,4,137.02439,2.305E4,4.073E5,4.073E5,4-Hydroxybenzoic Acid: [M-H]-: 0.578,4-Hydroxybenzoic Acid,0.58,C7H6O3,[M-H]-,137.02442,-0.24,138.03169,3.81,3.699E4,3.744,137.02423,137.02455,44,-0.063,0.072,3.621,3.873,DETECTED,137.02441,3.119E4,3.745E5,1.241,0.944,3.745E5,4.068E4,3.733,137.02426,137.02457,37,-0.044,0.063,3.612,4,DETECTED,137.02437,2.519E4,3.899E5,2.78,1.674,3.899E5,4.249E4,3.713,137.02423,137.02455,38,-0.05,0.068,3.615,3.995,DETECTED,137.02438,2.305E4,4.073E5,3.684,1.937,4.073E5
2349,9.237E3,3.94,577.13361,577.13678,19,1,3,0,0.97,0.27,0.00015,0.007,3.837,4.009,577.13552,7.642E3,1.381E5,1.381E5,Procyanidin B1: [M-H]-: 0.837,Procyanidin B1,0.84,C30H26O12,[M-H]-,577.13515,0.64,578.14243,3.96,6.087E3,3.951,577.13397,577.13702,4,-0.001,0.067,3.853,4.009,DETECTED,577.13575,7.642E3,8.259E4,0.659,0.798,8.259E4,6.363E3,3.937,577.13367,577.13708,5,0.003,0.048,3.85,3.998,DETECTED,577.13534,1.088E4,9.714E4,0.738,0.852,9.714E4,9.237E3,3.933,577.13361,577.13678,10,-0.021,0.047,3.837,4,DETECTED,577.13547,1.158E4,1.381E5,0.561,0.849,1.381E5
2784,3.066E4,4.112,355.06641,355.06799,36,1,3,1,0.99,0.06,0.00002,0.004,4.054,4.319,355.06716,1.007E4,4.599E5,4.599E5,Caffeic Acid-3-B-D-Glucuronide: [M-H]-: 0.735,Caffeic Acid-3-B-D-Glucuronide,0.73,C15H16O10,[M-H]-,355.06707,0.24,356.07435,4.16,2.18E4,4.113,355.06638,355.06799,11,-0.028,0.037,4.067,4.314,DETECTED,355.06719,1.145E4,3.903E5,1.873,2.352,3.903E5,2.29E4,4.118,355.06665,355.06735,12,-0.037,0.049,4.059,4.255,DETECTED,355.06713,1.096E4,3.656E5,3.288,1.857,3.656E5,3.066E4,4.105,355.06641,355.06799,13,-0.034,0.051,4.054,4.319,DETECTED,355.06716,1.007E4,4.599E5,1.465,2.329,4.599E5
2815,1.645E6,4.116,178.05083,178.05124,215,1,3,3,0.99,0.09,0.00002,0.003,3.961,4.881,178.05098,1.226E4,2.121E7,2.121E7,Hippuric Acid: [M-H]-: 0.620,Hippuric Acid,0.62,C9H9NO3,[M-H]-,178.05097,0.09,179.05824,4.19,1.296E6,4.119,178.05074,178.05127,73,-0.069,0.055,3.991,4.726,DETECTED,178.05099,1.376E4,1.739E7,1.921,2.29,1.739E7,1.375E6,4.118,178.05074,178.05116,72,-0.064,0.056,3.961,4.637,DETECTED,178.05096,1.226E4,1.872E7,1.818,2.261,1.872E7,1.645E6,4.111,178.05083,178.05124,70,-0.07,0.056,3.962,4.881,DETECTED,178.051,1.895E4,2.121E7,1.64,2.168,2.121E7
2955,4.073E4,4.16,181.05045,181.05099,34,1,3,0,0.99,0.08,0.00001,0.006,4.099,4.385,181.05068,7.269E3,6.087E5,6.087E5,Dihydrocaffeic Acid: [M-H]-: 0.620,Dihydrocaffeic Acid,0.62,C9H10O4,[M-H]-,181.05063,0.27,182.05791,4.23,3.24E4,4.168,181.05032,181.05099,12,-0.03,0.052,4.113,4.385,DETECTED,181.05068,7.269E3,4.926E5,1.891,2.315,4.926E5,3.533E4,4.157,181.05048,181.05121,11,-0.027,0.051,4.1,4.385,DETECTED,181.05067,7.49E3,5.505E5,2.031,2.161,5.505E5,4.073E4,4.153,181.05045,181.05099,11,-0.035,0.055,4.099,4.363,DETECTED,181.0507,8.905E3,6.087E5,1.279,2.049,6.087E5
3026,2.831E4,4.199,353.08716,353.08838,26,1,3,0,0.99,0.06,0.00002,0.002,4.145,4.378,353.08786,7.336E3,4.296E5,4.296E5,Chlorogenic Acid: [M-H]-: 0.778,Chlorogenic Acid,0.78,C16H18O9,[M-H]-,353.08781,0.15,354.09508,4.24,2.107E4,4.2,353.08707,353.08859,8,-0.019,0.057,4.156,4.364,DETECTED,353.08785,7.336E3,3.119E5,2.158,2.489,3.119E5,2.358E4,4.201,353.08749,353.08862,8,-0.024,0.053,4.157,4.372,DETECTED,353.08783,1.182E4,3.572E5,2.871,2.438,3.572E5,2.831E4,4.195,353.08716,353.08838,10,-0.032,0.051,4.145,4.378,DETECTED,353.08789,1.179E4,4.296E5,1.904,2.098,4.296E5
3105,8.54E4,4.239,289.07162,289.07199,73,1,3,0,0.99,0.1,0.00003,0.003,4.164,4.463,289.07178,9.875E3,1.184E6,1.184E6,(+)-Catechin: [M-H]-: 0.790,(+)-Catechin,0.79,C15H14O6,[M-H]-,289.07176,0.06,290.07904,4.28,6.595E4,4.242,289.07138,289.07211,22,-0.035,0.055,4.183,4.463,DETECTED,289.07177,9.875E3,9.609E5,1.607,1.855,9.609E5,7.291E4,4.24,289.07162,289.0722,25,-0.043,0.052,4.178,4.445,DETECTED,289.07175,1.669E4,1.039E6,1.363,1.528,1.039E6,8.54E4,4.235,289.07162,289.07199,26,-0.052,0.058,4.164,4.451,DETECTED,289.07182,1.513E4,1.184E6,1.244,1.659,1.184E6
3111,4.838E3,4.242,179.03476,179.03522,1,1,3,0,0.98,0.19,0.00003,0.006,4.164,4.319,179.03501,8.27E3,6.868E4,6.868E4,,,,,,,,,,3.878E3,4.251,179.03485,179.0351,,,0.064,4.2,4.308,DETECTED,179.03501,8.27E3,6.331E4,1.122,1.061,6.331E4,3.548E3,4.24,179.03485,179.0351,,,0.074,4.212,4.292,DETECTED,179.03496,1.615E4,6.14E4,1.818,1.409,6.14E4,4.838E3,4.235,179.03476,179.03522,1,0.019,0.055,4.164,4.319,DETECTED,179.03506,8.807E3,6.868E4,1.059,1.096,6.868E4
3543,7.107E5,4.432,137.02423,137.02451,216,1,3,1,0.99,0.1,0.00001,0.005,4.162,5.061,137.02442,2.851E4,9.906E6,9.906E6,3-Hydroxybenzoic Acid: [M-H]-: 0.611,3-Hydroxybenzoic Acid,0.61,C7H6O3,[M-H]-,137.02442,-0.01,138.03169,4.51,7.107E5,4.44,137.02423,137.02449,73,-0.062,0.05,4.162,5.061,DETECTED,137.02443,3.095E4,9.906E6,1.912,2.094,9.906E6,6.424E5,4.43,137.02423,137.02455,71,-0.053,0.048,4.298,5.045,DETECTED,137.0244,2.999E4,9.125E6,2.186,2.462,9.125E6,7.013E5,4.427,137.02423,137.02451,72,-0.056,0.049,4.264,5.033,DETECTED,137.02443,2.851E4,9.883E6,1.723,2.517,9.883E6
3712,6.286E5,4.489,179.03474,179.03522,122,1,3,0,0.99,0.07,0.00001,0.005,4.41,4.93,179.03502,9.421E3,9.643E6,9.643E6,Caffeic Acid: [M-H]-: 0.725,Caffeic Acid,0.73,C9H8O4,[M-H]-,179.03498,0.2,180.04226,4.54,5.386E5,4.496,179.03484,179.03525,40,-0.043,0.05,4.41,4.913,DETECTED,179.03502,9.421E3,8.437E6,2.027,2.268,8.437E6,5.807E5,4.487,179.03482,179.03529,41,-0.043,0.047,4.43,4.878,DETECTED,179.035,1.004E4,9.279E6,2.331,2.353,9.279E6,6.286E5,4.484,179.03474,179.03522,41,-0.043,0.05,4.415,4.93,DETECTED,179.03504,9.558E3,9.643E6,1.866,2.097,9.643E6
3821,6.61E4,4.537,151.03995,151.04025,36,1,3,0,0.98,0.08,0.00001,0.009,4.428,4.975,151.04007,7.589E3,9.093E5,9.093E5,3-Hydroxyphenylacetic Acid: [M-H]-: 0.636,3-Hydroxyphenylacetic Acid,0.64,C8H8O3,[M-H]-,151.04007,-0,152.04734,4.61,6.61E4,4.55,151.03983,151.04022,15,-0.034,0.048,4.428,4.975,DETECTED,151.04007,1.19E4,9.093E5,1.779,2.523,9.093E5,4.369E4,4.536,151.03989,151.04033,11,-0.026,0.046,4.47,4.833,DETECTED,151.04005,8.344E3,6.771E5,2.222,2.558,6.771E5,4.069E4,4.525,151.03995,151.04025,10,-0.023,0.05,4.476,4.769,DETECTED,151.04008,7.589E3,6.12E5,2.593,2.786,6.12E5
3999,6.874E4,4.611,577.13391,577.13641,44,1,3,0,0.99,0.05,0.00003,0.008,4.548,4.806,577.13561,7.192E3,1.158E6,1.158E6,Procyanidin B2: [M-H]-: 0.828,Procyanidin B2,0.83,C30H26O12,[M-H]-,577.13515,0.79,578.14243,4.63,4.459E4,4.623,577.13428,577.13599,13,-0.037,0.046,4.57,4.805,DETECTED,577.13565,1.073E4,7.526E5,1.46,1.834,7.526E5,5.34E4,4.606,577.13416,577.13641,14,-0.029,0.046,4.558,4.8,DETECTED,577.13557,1.148E4,8.906E5,2.086,1.91,8.906E5,6.874E4,4.605,577.13391,577.13641,17,-0.039,0.046,4.548,4.806,DETECTED,577.13561,7.192E3,1.158E6,1.486,1.965,1.158E6
4518,8.697E4,4.856,289.07138,289.07217,82,1,3,0,0.99,0.07,0.00002,0.006,4.806,5.061,289.07178,1.066E4,1.781E6,1.781E6,(-)-Epicatechin: [M-H]-: 0.823,(-)-Epicatechin,0.82,C15H14O6,[M-H]-,289.07176,0.06,290.07904,4.89,6.721E4,4.865,289.0715,289.07211,25,-0.026,0.035,4.824,5.052,DETECTED,289.07178,1.126E4,1.5E6,1.549,1.696,1.5E6,7.723E4,4.854,289.07111,289.07227,29,-0.029,0.035,4.812,5.058,DETECTED,289.07175,1.379E4,1.718E6,1.529,1.917,1.718E6,8.697E4,4.849,289.07138,289.07217,28,-0.025,0.038,4.806,5.061,DETECTED,289.07181,1.066E4,1.781E6,1.851,2.066,1.781E6
4556,5.127E3,4.873,167.03479,167.03542,10,1,3,0,0.98,0.14,0.00002,0.006,4.828,4.956,167.03499,1.012E4,1.102E5,1.102E5,,,,,,,,,,4.779E3,4.877,167.03491,167.03564,2,0.008,0.049,4.845,4.956,DETECTED,167.03501,1.012E4,8.803E4,2.237,1.752,8.803E4,5.067E3,4.878,167.03484,167.0351,4,-0.01,0.047,4.839,4.924,DETECTED,167.03496,1.202E4,1.027E5,1.158,1.079,1.027E5,5.127E3,4.864,167.03479,167.03542,4,-0.001,0.04,4.828,4.914,DETECTED,167.035,1.391E4,1.102E5,1.389,1.194,1.102E5
5110,5.466E4,5.089,181.05054,181.05103,69,1,3,0,0.98,0.12,0.00002,0.006,5.033,5.331,181.05069,8.682E3,1.019E6,1.019E6,,,,,,,,,,4.922E4,5.098,181.05046,181.0509,23,-0.033,0.044,5.052,5.331,DETECTED,181.0507,1.018E4,8.403E5,6.648,2.161,8.403E5,4.895E4,5.089,181.05051,181.05086,21,-0.028,0.039,5.04,5.311,DETECTED,181.05066,9.555E3,8.957E5,2.167,2.389,8.957E5,5.466E4,5.08,181.05054,181.05103,25,-0.028,0.039,5.033,5.33,DETECTED,181.05071,8.682E3,1.019E6,2.535,2.275,1.019E6
5225,2.444E4,5.122,121.02937,121.02962,9,0.33,1,0,1,0,0,0,5.057,5.373,121.02951,4.047E4,1.546E5,1.546E5,,,,,,,,,,2.444E4,5.089,121.02949,121.02956,,,0.245,5.085,5.255,ESTIMATED,121.02953,1.13E5,1.546E5,41.719,21.359,1.546E5,9.881E3,5.121,121.02943,121.02956,,,0.14,5.062,5.147,ESTIMATED,121.02949,1.016E5,1.387E5,0.44,0.72,1.387E5,1.997E4,5.155,121.02937,121.02962,9,-0.04,0.336,5.057,5.373,DETECTED,121.02951,4.047E4,7.649E4,2.227,1.614,7.649E4
5236,4.563E4,5.158,123.04505,123.04533,46,1,3,0,0.98,0.08,0.00001,0.008,5.094,5.444,123.04519,9.617E3,6.466E5,6.466E5,4-Methylcatechol: [M-H]-: 0.565,4-Methylcatechol,0.56,C7H8O2,[M-H]-,123.04515,0.27,124.05243,5.24,4.563E4,5.171,123.04506,123.04543,15,-0.036,0.052,5.11,5.44,DETECTED,123.0452,1.331E4,6.466E5,1.857,2.018,6.466E5,3.368E4,5.155,123.04501,123.04529,13,-0.027,0.051,5.097,5.399,DETECTED,123.04517,1.112E4,4.978E5,2.186,2.274,4.978E5,3.435E4,5.149,123.04505,123.04533,18,-0.032,0.059,5.094,5.444,DETECTED,123.04519,9.617E3,4.44E5,2.368,1.426,4.44E5
5293,8.973E3,5.19,429.08163,429.08353,16,1,3,0,0.99,0.08,0.00003,0.001,5.163,5.29,429.08279,7.803E3,2.214E5,2.214E5,Daidzein-7-B-D-Glucuronide: [M-H]-: 0.884,Daidzein-7-B-D-Glucuronide,0.88,C21H18O10,[M-H]-,429.08272,0.16,430.09,5.21,7.232E3,5.191,429.08218,429.08322,4,-0.004,0.04,5.163,5.29,DETECTED,429.08284,7.803E3,1.643E5,1.942,2.32,1.643E5,7.245E3,5.189,429.08157,429.08325,5,-0.001,0.033,5.164,5.266,DETECTED,429.08274,9.906E3,1.871E5,2.231,10.37,1.871E5,8.973E3,5.19,429.08163,429.08353,7,-0.007,0.041,5.164,5.272,DETECTED,429.08279,1.154E4,2.214E5,1.737,1.919,2.214E5
5473,7.581E4,5.273,197.0452,197.04567,54,1,3,0,0.98,0.13,0.00003,0.006,5.221,5.531,197.04553,9.34E3,1.451E6,1.451E6,Ethyl Gallate: [M-H]-: 0.755,Ethyl Gallate,0.75,C9H10O5,[M-H]-,197.04555,-0.08,198.05282,5.32,7.054E4,5.281,197.04535,197.04573,16,-0.027,0.038,5.234,5.531,DETECTED,197.04557,1.092E4,1.351E6,1.816,2.439,1.351E6,7.365E4,5.272,197.04529,197.0457,17,-0.028,0.037,5.23,5.525,DETECTED,197.04549,9.569E3,1.451E6,1.87,2.066,1.451E6,7.581E4,5.265,197.0452,197.04567,21,-0.028,0.039,5.221,5.522,DETECTED,197.04553,9.34E3,1.406E6,1.968,2.104,1.406E6
5534,3.527E4,5.302,167.03482,167.0356,32,1,3,0,0.98,0.15,0.00003,0.005,5.251,5.581,167.03498,5.05E3,5.935E5,5.935E5,,,,,,,,,,3.403E4,5.309,167.03477,167.03568,10,-0.021,0.042,5.269,5.581,DETECTED,167.035,5.05E3,5.615E5,2.333,2.98,5.615E5,3.372E4,5.3,167.03479,167.03537,9,-0.021,0.043,5.251,5.517,DETECTED,167.03495,7.101E3,5.353E5,3.556,2.565,5.353E5,3.527E4,5.295,167.03482,167.0356,13,-0.025,0.042,5.251,5.501,DETECTED,167.035,1.549E4,5.935E5,3.314,2.602,5.935E5
5585,9.074E4,5.325,163.03993,163.04024,70,1,3,0,0.99,0.07,0.00001,0.004,5.272,5.657,163.04011,3.434E3,1.628E6,1.628E6,P-Coumaric Acid: [M-H]-: 0.751,P-Coumaric Acid,0.75,C9H8O3,[M-H]-,163.04007,0.24,164.04734,5.37,9.074E4,5.331,163.04001,163.04031,22,-0.023,0.048,5.281,5.657,DETECTED,163.04012,3.434E3,1.484E6,2.657,2.985,1.484E6,8.07E4,5.322,163.03998,163.04033,20,-0.023,0.044,5.272,5.629,DETECTED,163.04009,9.398E3,1.369E6,2.27,2.491,1.369E6,8.797E4,5.321,163.03993,163.04024,28,-0.03,0.041,5.272,5.624,DETECTED,163.04011,1.158E4,1.628E6,1.768,1.937,1.628E6
5757,1.625E4,5.412,121.02945,121.02961,1,0.33,1,0,1,0,0,0,5.309,5.671,121.02951,3.96E4,1.613E5,1.613E5,,,,,,,,,,1.274E4,5.396,121.02949,121.02955,,,0.085,5.309,5.402,ESTIMATED,121.02952,1.199E5,1.613E5,0.071,0.535,1.613E5,1.625E4,5.438,121.02946,121.02953,,,0.112,5.311,5.453,ESTIMATED,121.02949,9.533E4,1.33E5,0.116,0.558,1.33E5,1.567E4,5.403,121.02945,121.02961,1,0.028,0.293,5.373,5.671,DETECTED,121.02952,3.96E4,6.719E4,9.204,5.102,6.719E4
5818,4.212E3,5.424,195.0661,195.0666,6,1,3,0,0.98,0.15,0.00003,0.005,5.399,5.492,195.06637,4.927E3,9.121E4,9.121E4,Dihydroferulic Acid: [M-H]-: 0.727,Dihydroferulic Acid,0.73,C10H12O4,[M-H]-,195.06628,0.44,196.07356,5.47,4.212E3,5.431,195.06601,195.0666,4,-0.001,0.044,5.408,5.492,DETECTED,195.06633,1.054E4,9.121E4,2.048,1.791,9.121E4,2.394E3,5.423,195.06589,195.06665,,,0.037,5.399,5.462,DETECTED,195.06638,4.927E3,6.455E4,1.565,1.282,6.455E4,2.822E3,5.418,195.0661,195.0666,2,0.009,0.035,5.399,5.463,DETECTED,195.0664,1.134E4,7.357E4,2.269,1.634,7.357E4
5942,3.388E3,5.473,121.06576,121.06593,4,1,3,0,0.98,0.11,0.00001,0.007,5.444,5.523,121.06587,9.078E3,8.781E4,8.781E4,,,,,,,,,,2.729E3,5.483,121.06581,121.06594,,,0.04,5.457,5.523,DETECTED,121.06586,9.078E3,7.07E4,1.533,1.266,7.07E4,2.529E3,5.474,121.06576,121.06596,1,0.007,0.034,5.453,5.508,DETECTED,121.06589,1.306E4,7.46E4,1.646,1.323,7.46E4,3.388E3,5.463,121.06576,121.06593,3,0.007,0.04,5.444,5.501,DETECTED,121.06586,1.907E4,8.781E4,2.064,1.532,8.781E4
5952,4.959E4,5.476,165.05554,165.05583,48,1,3,0,0.99,0.09,0.00001,0.005,5.431,5.721,165.05569,7.265E3,9.306E5,9.306E5,3-(3-Hydroxyphenyl)propionic Acid: [M-H]-: 0.662,3-(3-Hydroxyphenyl)propionic Acid,0.66,C9H10O3,[M-H]-,165.05572,-0.18,166.06299,5.54,4.959E4,5.483,165.05556,165.05589,13,-0.018,0.039,5.44,5.721,DETECTED,165.05571,7.265E3,9.293E5,2.846,2.752,9.293E5,4.623E4,5.474,165.05553,165.05589,14,-0.022,0.04,5.432,5.71,DETECTED,165.05568,1.277E4,8.696E5,2.088,2.634,8.696E5,4.956E4,5.471,165.05554,165.05583,21,-0.028,0.04,5.431,5.694,DETECTED,165.05568,1.1E4,9.306E5,1.912,2.03,9.306E5
6054,9.657E4,5.527,123.04485,123.04536,85,1,3,0,0.98,0.11,0.00001,0.009,5.44,5.995,123.04519,5.064E3,1.308E6,1.308E6,3-Methylcatechol (B): [M-H]-: 0.558,3-Methylcatechol (B),0.56,C7H8O2,[M-H]-,123.04515,0.27,124.05243,5.61,9.657E4,5.54,123.04505,123.04548,29,-0.041,0.051,5.44,5.995,DETECTED,123.0452,5.064E3,1.308E6,2.217,2.04,1.308E6,6.346E4,5.525,123.04503,123.04527,24,-0.036,0.052,5.453,5.885,DETECTED,123.04517,7.342E3,8.457E5,2.363,2.376,8.457E5,7.164E4,5.516,123.04485,123.04536,32,-0.028,0.054,5.444,5.865,DETECTED,123.04519,8.244E3,9.661E5,2.534,2.598,9.661E5
6298,7.136E3,5.645,609.14514,609.14752,16,1,3,0,0.99,0.05,0.00003,0.008,5.616,5.704,609.1468,8.031E3,2.044E5,2.044E5,(+)-Rutin: [M-H]-: 0.761,(+)-Rutin,0.76,C27H30O16,[M-H]-,609.14611,1.13,610.15338,5.67,4.637E3,5.657,609.14569,609.14728,4,-0.001,0.029,5.636,5.701,DETECTED,609.14676,1.002E4,1.425E5,2.01,1.571,1.425E5,5.047E3,5.637,609.14581,609.14752,5,-0.001,0.029,5.623,5.682,DETECTED,609.14684,1.121E4,1.627E5,2.54,2.024,1.627E5,7.136E3,5.641,609.14514,609.14752,7,-0.007,0.031,5.616,5.704,DETECTED,609.14679,8.031E3,2.044E5,2.359,2.05,2.044E5
6336,3.844E3,5.676,389.12393,389.12494,4,0.67,2,0,0.99,0.05,0.00002,0.001,5.647,5.721,389.12437,8.522E3,1.168E5,1.168E5,Polydatin: [M-H]-: 0.786,Polydatin,0.79,C20H22O8,[M-H]-,389.12419,0.45,390.13147,5.71,1.998E3,5.684,389.12375,389.12503,,,0.035,5.657,5.721,ESTIMATED,389.12427,1.122E4,7.021E4,1.781,1.169,7.021E4,2.478E3,5.674,389.12347,389.12497,,,0.035,5.652,5.71,DETECTED,389.1244,8.767E3,7.133E4,1.695,1.348,7.133E4,3.844E3,5.671,389.12393,389.12494,4,-0.001,0.028,5.647,5.717,DETECTED,389.12443,8.522E3,1.168E5,1.793,1.475,1.168E5
6396,3.308E4,5.699,193.05034,193.05086,34,1,3,0,0.98,0.16,0.00003,0.007,5.658,5.944,193.05059,9.53E3,5.938E5,5.938E5,Isoferulic Acid: [M-H]-: 0.827,Isoferulic Acid,0.83,C10H10O4,[M-H]-,193.05063,-0.2,194.05791,5.73,3.308E4,5.71,193.05043,193.05086,10,-0.018,0.043,5.674,5.944,DETECTED,193.05062,9.53E3,5.938E5,1.975,2.582,5.938E5,2.48E4,5.695,193.05028,193.05075,10,-0.013,0.037,5.661,5.922,DETECTED,193.05055,1.071E4,4.702E5,5.245,2.567,4.702E5,2.831E4,5.694,193.05034,193.05086,14,-0.017,0.034,5.658,5.896,DETECTED,193.05061,1.201E4,5.814E5,2.267,2.01,5.814E5
6445,7.469E3,5.722,477.06631,477.06824,13,0.67,2,0,0.99,0.06,0.00003,0.006,5.689,5.767,477.06766,2.041E4,2.144E5,2.144E5,Quercetin-7-O-B-D-Glucuronide: [M-H]-: 0.768,Quercetin-7-O-B-D-Glucuronide,0.77,C21H18O13,[M-H]-,477.06746,0.4,478.07474,5.76,5.568E3,5.73,477.06705,477.06781,5,-0.01,0.042,5.701,5.767,DETECTED,477.0676,2.091E4,1.405E5,1.315,1.158,1.405E5,5.673E3,5.718,477.06702,477.0683,,,0.04,5.689,5.758,ESTIMATED,477.06772,3.035E4,1.658E5,1.565,1.169,1.658E5,7.469E3,5.717,477.06631,477.06824,8,-0.014,0.032,5.69,5.753,DETECTED,477.06766,2.041E4,2.144E5,1.329,1.164,2.144E5
6480,2.218E4,5.713,121.02941,121.02966,1,0.33,1,0,1,0,0,0,5.646,5.929,121.02952,3.96E4,1.507E5,1.507E5,,,,,,,,,,2.218E4,5.701,121.02949,121.02959,,,0.214,5.665,5.841,ESTIMATED,121.02952,1.082E5,1.507E5,3.879,2.439,1.507E5,2.047E4,5.695,121.02946,121.02956,,,0.025,5.646,5.836,ESTIMATED,121.0295,8.312E4,1.233E5,2.903,1.952,1.233E5,1.429E4,5.742,121.02941,121.02966,1,0.024,0.241,5.671,5.929,DETECTED,121.02954,3.96E4,6.667E4,2.644,1.822,6.667E4
6501,9.42E3,5.759,223.06102,223.06142,13,1,3,0,0.98,0.15,0.00003,0.005,5.723,5.853,223.06122,7.068E3,2.137E5,2.137E5,Sinapic Acid: [M-H]-: 0.834,Sinapic Acid,0.83,C11H12O5,[M-H]-,223.0612,0.12,224.06847,5.79,9.307E3,5.767,223.06113,223.06158,5,-0.001,0.042,5.747,5.853,DETECTED,223.06127,1.499E4,2.137E5,2.911,2.906,2.137E5,7.39E3,5.758,223.06097,223.06139,4,-0.006,0.042,5.727,5.815,DETECTED,223.06118,7.068E3,1.668E5,1.543,1.424,1.668E5,9.42E3,5.753,223.06102,223.06142,4,-0.004,0.041,5.723,5.827,DETECTED,223.06123,1.488E4,2.078E5,2.231,1.744,2.078E5
6505,1.093E4,5.764,300.99802,300.99921,11,1,3,0,0.98,0.15,0.00005,0.004,5.729,5.935,300.99896,7.45E3,1.686E5,1.686E5,,,,,,,,,,7.485E3,5.767,300.9986,300.99966,2,0.01,0.16,5.747,5.935,DETECTED,300.99903,7.45E3,1.093E5,7.985,4.701,1.093E5,8.005E3,5.758,300.99841,300.99933,3,-0.004,0.054,5.736,5.891,DETECTED,300.9989,8.06E3,1.239E5,4.646,3.484,1.239E5,1.093E4,5.766,300.99802,300.99921,6,-0.015,0.048,5.729,5.923,DETECTED,300.99897,8.647E3,1.686E5,3.716,1.972,1.686E5
6537,2.437E4,5.777,441.08206,441.08331,25,1,3,0,0.98,0.07,0.00003,0.01,5.742,5.986,441.0829,8.784E3,4.34E5,4.34E5,(-)-Epicatechin Gallate: [M-H]-: 0.844,(-)-Epicatechin Gallate,0.84,C22H18O10,[M-H]-,441.08272,0.4,442.09,5.8,1.526E4,5.792,441.08215,441.08365,7,-0.017,0.043,5.756,5.944,DETECTED,441.08294,1.469E4,2.789E5,2.183,2.217,2.789E5,1.84E4,5.772,441.082,441.08401,7,-0.004,0.045,5.744,5.953,DETECTED,441.08287,9.886E3,3.325E5,3.377,3.418,3.325E5,2.437E4,5.766,441.08206,441.08331,11,-0.006,0.042,5.742,5.986,DETECTED,441.08288,8.784E3,4.34E5,3.878,3.973,4.34E5
6665,2.44E5,5.837,163.03981,163.04042,125,1,3,0,0.98,0.13,0.00002,0.007,5.778,6.26,163.04012,1.35E3,4.565E6,4.565E6,Trans-M-Coumaric Acid: [M-H]-: 0.704,Trans-M-Coumaric Acid,0.7,C9H8O3,[M-H]-,163.04007,0.3,164.04734,5.89,2.44E5,5.848,163.03999,163.0403,41,-0.031,0.037,5.792,6.26,DETECTED,163.04014,1.35E3,4.565E6,1.951,2.267,4.565E6,1.999E5,5.83,163.03986,163.04028,37,-0.025,0.04,5.783,6.241,DETECTED,163.04009,6.994E3,3.55E6,2.437,2.538,3.55E6,2.201E5,5.833,163.03981,163.04042,47,-0.035,0.04,5.778,6.213,DETECTED,163.04013,6.396E3,4.035E6,1.834,2.15,4.035E6
6920,1.265E4,5.938,575.11835,575.12042,18,1,3,0,0.99,0.04,0.00002,0.01,5.904,6.056,575.11974,9.832E3,2.621E5,2.621E5,Procyanidin A2: [M-H]-: 0.850,Procyanidin A2,0.85,C30H24O12,[M-H]-,575.1195,0.42,576.12678,5.96,6.76E3,5.953,575.11792,575.12067,5,-0.01,0.039,5.926,6.027,DETECTED,575.11975,9.832E3,1.507E5,2.755,1.919,1.507E5,7.94E3,5.933,575.11847,575.12018,5,-0.001,0.039,5.909,6.002,DETECTED,575.11971,1.522E4,1.925E5,2.247,1.942,1.925E5,1.265E4,5.929,575.11835,575.12042,8,-0.007,0.041,5.904,6.056,DETECTED,575.11977,1.103E4,2.621E5,3.975,2.808,2.621E5
6979,4.271E4,5.963,445.07693,445.07904,28,1,3,0,0.99,0.1,0.00004,0.001,5.929,6.25,445.07782,7.576E3,9.681E5,9.681E5,Genistein-7-B-D-Glucuronide: [M-H]-: 0.775,Genistein-7-B-D-Glucuronide,0.77,C21H18O11,[M-H]-,445.07764,0.42,446.08491,6,2.664E4,5.964,445.07697,445.07831,7,-0.004,0.038,5.944,6.122,DETECTED,445.07787,1.174E4,5.818E5,2.592,3.807,5.818E5,3.257E4,5.964,445.0766,445.07852,8,-0.015,0.036,5.933,6.179,DETECTED,445.07776,8.482E3,6.867E5,1.852,2.209,6.867E5,4.271E4,5.962,445.07693,445.07904,13,-0.019,0.032,5.929,6.25,DETECTED,445.07784,7.576E3,9.681E5,1.974,2.36,9.681E5
7176,2.41E5,6.05,121.02944,121.02964,417,1,3,0,0.98,0.08,0.00001,0.009,4.912,6.523,121.0295,4.261E4,9.032E5,9.032E5,Benzoic Acid: [M-H]-: 0.702,Benzoic Acid,0.7,C7H6O2,[M-H]-,121.0295,0.01,122.03678,6.11,2.375E5,6.064,121.02946,121.02959,161,-0.758,0.072,5.298,6.523,DETECTED,121.02951,1.11E5,9.032E5,1.504,0.799,9.032E5,2.41E5,6.043,121.02941,121.02957,187,-0.93,0.087,4.912,6.476,DETECTED,121.02949,9.151E4,7.39E5,1.032,0.691,7.39E5,1.027E5,6.044,121.02944,121.02964,69,-0.039,0.07,5.929,6.478,DETECTED,121.02951,4.261E4,6.684E5,4.695,2.332,6.684E5
7530,4.535E4,6.204,579.17017,579.17291,30,1,3,0,0.98,0.14,0.00008,0.01,6.167,6.388,579.1723,8.037E3,1.251E6,1.251E6,Naringin: [M-H]-: 0.804,Naringin,0.8,C27H32O14,[M-H]-,579.17193,0.64,580.17921,6.23,3.149E4,6.218,579.16968,579.17395,9,-0.016,0.031,6.188,6.388,DETECTED,579.17238,8.037E3,7.872E5,1.68,2.24,7.872E5,3.526E4,6.198,579.17072,579.17297,10,-0.014,0.03,6.172,6.359,DETECTED,579.17218,1.392E4,9.089E5,2.317,2.477,9.089E5,4.535E4,6.195,579.17017,579.17291,11,-0.014,0.027,6.167,6.373,DETECTED,579.17234,8.41E3,1.251E6,2.178,2.244,1.251E6
7574,1.795E4,6.218,461.07184,461.0733,19,1,3,0,0.99,0.09,0.00004,0.006,6.183,6.37,461.07281,5.675E3,4.415E5,4.415E5,Kaempferol-3-O-Glucuronide: [M-H]-: 0.784,Kaempferol-3-O-Glucuronide,0.78,C21H18O12,[M-H]-,461.07255,0.56,462.07983,6.25,1.359E4,6.227,461.07187,461.07416,5,-0.01,0.035,6.203,6.37,DETECTED,461.07287,7.962E3,3.245E5,2.406,2.402,3.245E5,1.476E4,6.215,461.07172,461.07303,7,-0.01,0.032,6.192,6.359,DETECTED,461.07275,8.47E3,3.739E5,2.363,2.732,3.739E5,1.795E4,6.213,461.07184,461.0733,7,-0.01,0.033,6.183,6.322,DETECTED,461.07281,5.675E3,4.415E5,2.357,2.845,4.415E5
7740,4.577E5,6.293,137.02426,137.02457,299,1,3,0,0.99,0.05,0.00001,0.006,5.953,7.186,137.0244,2.868E4,5.269E6,5.269E6,Salicylic Acid: [M-H]-: 0.554,Salicylic Acid,0.55,C7H6O3,[M-H]-,137.02442,-0.14,138.03169,6.38,4.144E5,6.284,137.02426,137.02452,99,-0.047,0.049,6.166,7.186,DETECTED,137.0244,3.332E4,4.828E6,2.627,2.794,4.828E6,4.269E5,6.303,137.02409,137.02452,97,-0.052,0.054,5.964,7.13,DETECTED,137.02439,2.868E4,4.796E6,2.416,2.484,4.796E6,4.577E5,6.293,137.02426,137.02457,103,-0.045,0.05,5.953,7.107,DETECTED,137.0244,3.182E4,5.269E6,2.747,2.923,5.269E6
7808,7.535E4,6.326,163.03983,163.04025,48,1,3,0,0.99,0.04,0.00001,0.005,6.264,6.669,163.0401,6.451E3,1.296E6,1.296E6,Trans-O-Coumaric Acid: [M-H]-: 0.709,Trans-O-Coumaric Acid,0.71,C9H8O3,[M-H]-,163.04007,0.22,164.04734,6.38,7.267E4,6.334,163.03976,163.04022,17,-0.018,0.045,6.284,6.6,DETECTED,163.0401,1.31E4,1.233E6,2.95,3.065,1.233E6,6.832E4,6.323,163.03993,163.04025,14,-0.021,0.04,6.264,6.631,DETECTED,163.04009,9.959E3,1.225E6,2.335,2.406,1.225E6,7.535E4,6.322,163.03983,163.04025,17,-0.03,0.042,6.273,6.669,DETECTED,163.04011,6.451E3,1.296E6,2.009,2.16,1.296E6
7810,5.639E3,6.326,609.18164,609.1842,10,1,3,3,0.99,0.1,0.00006,0.005,6.302,6.396,609.18316,7.823E3,1.469E5,1.469E5,Hesperidin (A): [M-H]-: 0.772,Hesperidin (A),0.77,C28H34O15,[M-H]-,609.18249,1.09,610.18977,6.35,3.347E3,6.334,609.18243,609.18365,3,0.01,,6.326,6.396,DETECTED,609.18323,8.604E3,9.651E4,5.341,4.108,9.651E4,3.857E3,6.323,609.18048,609.18365,4,-0.004,,6.312,6.376,DETECTED,609.18307,7.823E3,1.177E5,4.117,2.892,1.177E5,5.639E3,6.322,609.18164,609.1842,3,-0.004,0.064,6.302,6.364,DETECTED,609.18318,1.803E4,1.469E5,2.138,1.569,1.469E5
8148,2.879E4,6.483,609.1817,609.18372,26,1,3,3,0.98,0.12,0.00007,0.008,6.448,6.643,609.18305,8.022E3,7.067E5,7.067E5,Hesperidin (B): [M-H]-: 0.822,Hesperidin (B),0.82,C28H34O15,[M-H]-,609.18249,0.92,610.18977,6.5,2.405E4,6.495,609.18103,609.18402,8,-0.01,0.03,6.465,6.643,DETECTED,609.18315,8.223E3,6.388E5,1.886,2.285,6.388E5,2.357E4,6.476,609.18127,609.185,8,-0.01,0.032,6.453,6.625,DETECTED,609.18294,8.022E3,6.156E5,1.837,2.631,6.156E5,2.879E4,6.478,609.1817,609.18372,10,-0.016,0.032,6.448,6.616,DETECTED,609.18307,1.248E4,7.067E5,1.655,2.625,7.067E5
9395,3.175E3,7.065,229.08661,229.08733,4,1,3,0,0.99,0.05,0.00001,0.009,7.027,7.122,229.08697,8.178E3,8.032E4,8.032E4,Dihydroresveratrol: [M-H]-: 0.805,Dihydroresveratrol,0.8,C14H14O3,[M-H]-,229.08702,-0.21,230.09429,7.1,2.69E3,7.078,229.08667,229.08739,,,0.033,7.046,7.122,DETECTED,229.08697,8.178E3,6.897E4,1.384,1.192,6.897E4,2.561E3,7.059,229.0867,229.08711,,,0.039,7.035,7.099,DETECTED,229.08695,8.728E3,6.445E4,1.669,1.335,6.445E4,3.175E3,7.058,229.08661,229.08733,4,-0.005,0.037,7.027,7.094,DETECTED,229.08698,8.656E3,8.032E4,1.165,1.077,8.032E4
9674,1.559E5,7.19,253.05011,253.05124,111,1,3,0,0.99,0.08,0.00002,0.006,7.134,7.542,253.0506,7.499E3,3.102E6,3.102E6,Daidzein: [M-H]-: 0.786,Daidzein,0.79,C15H10O4,[M-H]-,253.05063,-0.13,254.05791,7.23,1.559E5,7.199,253.05026,253.05098,37,-0.031,0.037,7.154,7.542,DETECTED,253.05062,7.499E3,3.102E6,1.99,2.097,3.102E6,1.37E5,7.189,253.05016,253.05106,36,-0.036,0.037,7.138,7.478,DETECTED,253.05057,1.03E4,2.685E6,1.695,1.871,2.685E6,1.517E5,7.182,253.05011,253.05124,38,-0.031,0.039,7.134,7.513,DETECTED,253.05061,7.625E3,2.841E6,2.057,2.34,2.841E6
9720,1.284E5,7.206,227.03474,227.03551,110,1,3,0,0.98,0.16,0.00004,0.007,7.148,7.55,227.03511,6.971E3,2.442E6,2.442E6,Urolithin A: [M-H]-: 0.725,Urolithin A,0.73,C13H8O4,[M-H]-,227.03498,0.55,228.04226,7.25,1.281E5,7.217,227.03479,227.03546,38,-0.032,0.038,7.169,7.55,DETECTED,227.03516,1.011E4,2.442E6,1.977,2.281,2.442E6,1.174E5,7.201,227.03427,227.03543,35,-0.034,0.037,7.158,7.535,DETECTED,227.03507,9.852E3,2.188E6,2.161,2.07,2.188E6,1.284E5,7.2,227.03474,227.03551,37,-0.035,0.039,7.148,7.487,DETECTED,227.0351,6.971E3,2.361E6,1.964,2.013,2.361E6
9852,1.635E4,7.276,301.1441,301.14487,20,1,3,0,0.99,0.1,0.00003,0.006,7.237,7.409,301.14454,7.901E3,3.571E5,3.571E5,Enterodiol: [M-H]-: 0.826,Enterodiol,0.83,C18H22O4,[M-H]-,301.14453,0.02,302.15181,7.31,1.34E4,7.283,301.14401,301.14499,7,-0.01,0.038,7.26,7.409,DETECTED,301.14459,7.901E3,2.986E5,2.125,2.626,2.986E5,1.338E4,7.277,301.14371,301.14493,6,-0.01,0.038,7.238,7.393,DETECTED,301.14454,1.133E4,3.03E5,1.802,1.887,3.03E5,1.635E4,7.267,301.1441,301.14487,7,-0.01,0.037,7.237,7.4,DETECTED,301.1445,1.212E4,3.571E5,2.207,2.21,3.571E5
10379,5.975E4,7.522,301.03473,301.03589,109,1,3,0,0.98,0.09,0.00003,0.008,7.469,7.827,301.03537,8.501E3,9.412E5,9.412E5,Quercetin: [M-H]-: 0.758,Quercetin,0.76,C15H10O7,[M-H]-,301.03538,-0.02,302.04265,7.57,4.69E4,7.534,301.03479,301.03589,31,-0.029,0.04,7.488,7.827,DETECTED,301.0354,9.678E3,7.649E5,2.484,2.815,7.649E5,5.324E4,7.515,301.03491,301.03586,37,-0.029,0.046,7.476,7.804,DETECTED,301.03533,8.934E3,8.01E5,3.39,3.597,8.01E5,5.975E4,7.517,301.03473,301.03589,41,-0.032,0.042,7.469,7.799,DETECTED,301.03538,8.501E3,9.412E5,3.015,2.903,9.412E5
10556,5.169E3,7.573,147.04503,147.04541,7,1,3,0,0.99,0.05,0.00001,0.003,7.533,7.685,147.04518,8.211E3,7.848E4,7.848E4,Cinnamic Acid: [M-H]-: 0.799,Cinnamic Acid,0.8,C9H8O2,[M-H]-,147.04515,0.18,148.05243,7.61,4.983E3,7.578,147.04497,147.04538,3,0.006,0.055,7.542,7.658,DETECTED,147.04519,8.211E3,7.848E4,2.244,1.619,7.848E4,4.428E3,7.574,147.04504,147.04532,2,0.009,0.055,7.539,7.668,DETECTED,147.04517,1.205E4,6.423E4,2.346,1.835,6.423E4,5.169E3,7.568,147.04503,147.04541,2,0.006,0.067,7.533,7.685,DETECTED,147.04518,9.981E3,7.425E4,3.009,2.155,7.425E4
11879,9.094E4,8.168,271.06018,271.06137,46,1,3,0,0.99,0.07,0.00002,0.006,8.111,8.228,271.06119,7.638E3,2.089E6,2.089E6,(+/-)-Naringenin: [M-H]-: 0.785,(+/-)-Naringenin,0.78,C15H12O5,[M-H]-,271.0612,-0.04,272.06847,8.21,8.631E4,8.177,271.06033,271.06161,14,-0.034,0.041,8.123,8.228,DETECTED,271.06121,7.638E3,1.875E6,1.426,1.157,1.875E6,8.007E4,8.163,271.06,271.06165,16,-0.029,0.043,8.117,8.221,DETECTED,271.06116,9.66E3,1.729E6,1.871,1.339,1.729E6,9.094E4,8.164,271.06018,271.06137,16,-0.037,0.04,8.111,8.217,DETECTED,271.06119,9.513E3,2.089E6,1.324,1.146,2.089E6
11970,8.69E5,8.225,273.06979,273.0712,118,1,3,0,0.99,0.07,0.00002,0.003,8.164,8.73,273.07053,7.899E3,1.431E7,1.431E7,,,,,,,,,,7.634E5,8.228,273.07007,273.07098,40,-0.034,0.046,8.183,8.73,DETECTED,273.07056,1.058E4,1.191E7,2.78,2.392,1.191E7,7.83E5,8.221,273.07025,273.07095,39,-0.022,0.044,8.173,8.714,DETECTED,273.07052,7.899E3,1.268E7,2.507,3.433,1.268E7,8.69E5,8.224,273.06979,273.0712,39,-0.04,0.042,8.164,8.729,DETECTED,273.07052,1.181E4,1.431E7,1.865,1.837,1.431E7
12036,1.324E6,8.244,269.04514,269.04614,159,1,3,0,0.99,0.09,0.00002,0.004,8.158,8.903,269.04556,3.531E3,2.062E7,2.062E7,Apigenin: [M-H]-: 0.815,Apigenin,0.82,C15H10O5,[M-H]-,269.04555,0.06,270.05282,8.28,1.189E6,8.251,269.04489,269.04599,55,-0.049,0.044,8.159,8.903,DETECTED,269.0456,8.828E3,1.859E7,2.292,2.77,1.859E7,1.171E6,8.243,269.04517,269.04626,52,-0.048,0.046,8.158,8.818,DETECTED,269.04554,1.031E4,1.808E7,2.184,2.458,1.808E7,1.324E6,8.239,269.04514,269.04614,52,-0.048,0.045,8.171,8.89,DETECTED,269.04555,3.531E3,2.062E7,2.176,2.111,2.062E7
12140,2.569E6,8.376,285.0401,285.04074,368,0.33,1,3,1,0,0,0,8.011,9.284,285.04041,1.469E4,3.356E7,3.356E7,Kaempferol: [M-H]-: 0.711,Kaempferol,0.71,C15H10O6,[M-H]-,285.04046,-0.18,286.04774,8.43,2.277E6,8.382,285.03989,285.04092,116,-0.072,0.05,8.011,9.043,DETECTED,285.04043,1.469E4,3.091E7,2.94,2.987,3.091E7,2.344E6,8.373,285.04013,285.04089,116,-0.037,0.047,8.328,9.284,DETECTED,285.04041,2.996E4,3.295E7,2.96,2.805,3.295E7,2.569E6,8.372,285.0401,285.04074,136,-0.049,0.052,8.316,9.26,DETECTED,285.04039,3.629E4,3.356E7,2.606,2.908,3.356E7
12502,1.015E5,8.465,301.07123,301.07254,26,1,3,0,0.99,0.09,0.00003,0.005,8.414,8.785,301.07172,9.994E3,1.652E6,1.652E6,Hesperetin: [M-H]-: 0.810,Hesperetin,0.81,C16H14O6,[M-H]-,301.07176,-0.15,302.07904,8.5,8.323E4,8.473,301.07135,301.07217,8,-0.028,0.047,8.425,8.758,DETECTED,301.07173,9.994E3,1.356E6,1.859,1.645,1.356E6,8.717E4,8.46,301.07132,301.07211,9,-0.026,0.046,8.424,8.738,DETECTED,301.07174,1.091E4,1.432E6,1.881,2.203,1.432E6,1.015E5,8.462,301.07123,301.07254,9,-0.028,0.048,8.414,8.785,DETECTED,301.07168,1.195E4,1.652E6,1.559,1.765,1.652E6
12531,1.254E5,8.478,297.11261,297.11359,44,1,3,0,0.99,0.05,0.00001,0.005,8.435,8.794,297.11316,7.769E3,2.058E6,2.058E6,Enterolactone: [M-H]-: 0.768,Enterolactone,0.77,C18H18O4,[M-H]-,297.11323,-0.25,298.12051,8.52,1.254E5,8.486,297.11295,297.11343,19,-0.028,0.048,8.446,8.77,DETECTED,297.11317,1.424E4,2.058E6,1.746,2.347,2.058E6,1.003E5,8.473,297.11279,297.11368,11,-0.015,0.046,8.435,8.794,DETECTED,297.11317,7.769E3,1.681E6,2.483,2.431,1.681E6,1.163E5,8.476,297.11261,297.11359,14,-0.028,0.045,8.436,8.777,DETECTED,297.11314,1.084E4,2.001E6,1.664,1.977,2.001E6
12606,8.083E4,8.524,315.05069,315.05176,35,1,3,0,0.99,0.03,0.00001,0.005,8.476,8.868,315.05112,9.052E3,1.198E6,1.198E6,Isorhamnetin: [M-H]-: 0.688,Isorhamnetin,0.69,C16H12O7,[M-H]-,315.05103,0.31,316.0583,8.58,6.69E4,8.527,315.05078,315.05164,10,-0.006,0.051,8.486,8.834,DETECTED,315.05114,1.18E4,9.911E5,2.752,2.993,9.911E5,6.818E4,8.528,315.05038,315.05167,12,-0.02,0.052,8.487,8.868,DETECTED,315.05112,9.809E3,9.83E5,2.279,2.717,9.83E5,8.083E4,8.517,315.05069,315.05176,13,-0.015,0.052,8.476,8.85,DETECTED,315.05111,9.052E3,1.198E6,2.384,2.978,1.198E6
13754,2.535E4,9.021,285.04019,285.04071,3,0.33,1,0,1,0,0,0,8.967,9.648,285.04048,1.855E4,9.594E4,9.594E4,,,,,,,,,,2.535E4,9.064,285.04004,285.04102,3,-0.005,0.562,9.043,9.648,DETECTED,285.0405,1.855E4,7.16E4,27.95,14.475,7.16E4,1.195E3,8.971,285.04044,285.04056,,,0.012,8.967,8.983,ESTIMATED,285.0405,6.132E4,9.073E4,2.925,1.962,9.073E4,5.533E3,9.027,285.04019,285.04071,,,0.031,8.976,9.043,ESTIMATED,285.04042,5.369E4,9.594E4,0.316,0.658,9.594E4
14313,6.152E3,9.32,353.13889,353.14008,25,1,3,0,0.99,0.07,0.00002,0.005,9.285,9.378,353.13955,1.091E4,1.399E5,1.399E5,Isoxanthohumol: [M-H]-: 0.819,Isoxanthohumol,0.82,C21H22O5,[M-H]-,353.13945,0.29,354.14672,9.35,5.69E3,9.327,353.13879,353.14008,8,-0.009,0.098,9.294,9.378,DETECTED,353.13952,1.184E4,1.349E5,1.908,1.276,1.349E5,4.558E3,9.318,353.13855,353.14014,7,-0.001,0.035,9.295,9.367,DETECTED,353.13959,1.329E4,1.187E5,2.778,1.594,1.187E5,6.152E3,9.314,353.13889,353.14008,10,-0.005,0.04,9.285,9.374,DETECTED,353.13954,1.091E4,1.399E5,2.42,1.542,1.399E5
15982,1.492E4,10.074,283.06082,283.06161,48,1,3,0,0.99,0.03,0.00001,0.006,10.024,10.198,283.06119,7.946E3,2.411E5,2.411E5,Biochanin A: [M-H]-: 0.719,Biochanin A,0.72,C16H12O5,[M-H]-,283.0612,-0.03,284.06847,10.13,1.372E4,10.073,283.06042,283.06152,16,-0.017,0.054,10.031,10.18,DETECTED,283.06119,1.218E4,2.27E5,2.221,1.672,2.27E5,1.286E4,10.083,283.06046,283.06171,16,-0.025,0.043,10.028,10.198,DETECTED,283.0612,7.946E3,2.401E5,1.912,1.498,2.401E5,1.492E4,10.067,283.06082,283.06161,16,-0.017,0.049,10.024,10.197,DETECTED,283.06117,1.107E4,2.411E5,2.874,1.713,2.411E5
16590,3.291E4,10.35,283.06033,283.06223,71,1,3,2,0.99,0.02,0.00001,0.005,10.284,10.533,283.06116,1.007E4,5.118E5,5.118E5,,,,,,,,,,2.825E4,10.346,283.06076,283.06161,22,-0.025,0.045,10.293,10.496,DETECTED,283.06116,1.007E4,5.041E5,2.058,1.989,5.041E5,2.785E4,10.357,283.06076,283.06168,23,-0.034,0.045,10.292,10.493,DETECTED,283.06115,1.033E4,4.706E5,1.548,1.639,4.706E5,3.291E4,10.346,283.06033,283.06223,26,-0.033,0.05,10.284,10.533,DETECTED,283.06116,1.212E4,5.118E5,1.604,2.162,5.118E5
17049,2.77E4,10.555,339.12338,339.12442,60,1,3,0,1,0.03,0.00001,0.002,10.499,10.761,339.12371,1.033E4,5.461E5,5.461E5,8-Prenylnaringenin: [M-H]-: 0.698,8-Prenylnaringenin,0.7,C20H20O5,[M-H]-,339.1238,-0.24,340.13107,10.5,2.562E4,10.556,339.12317,339.12457,19,-0.029,0.042,10.507,10.761,DETECTED,339.1237,1.175E4,4.676E5,1.844,2.5,4.676E5,2.499E4,10.558,339.12317,339.12436,19,-0.025,0.041,10.512,10.738,DETECTED,339.12371,1.033E4,4.83E5,1.483,1.815,4.83E5,2.77E4,10.553,339.12338,339.12442,22,-0.029,0.042,10.499,10.682,DETECTED,339.12373,1.187E4,5.461E5,1.645,1.717,5.461E5
20831,8.133E4,12.269,353.13849,353.1402,130,1,3,0,0.99,0.01,0,0.009,12.203,12.58,353.13954,8.397E3,1.247E6,1.247E6,Xanthohumol: [M-H]-: 0.821,Xanthohumol,0.82,C21H22O5,[M-H]-,353.13945,0.26,354.14672,12.3,7.039E4,12.264,353.13885,353.13998,41,-0.038,0.039,12.207,12.536,DETECTED,353.13953,1.221E4,1.198E6,4.322,2.634,1.198E6,7.3E4,12.283,353.13861,353.14008,42,-0.035,0.044,12.224,12.58,DETECTED,353.13954,8.397E3,1.196E6,1.709,2.235,1.196E6,8.133E4,12.262,353.13849,353.1402,47,-0.042,0.047,12.203,12.545,DETECTED,353.13954,1.092E4,1.247E6,1.679,2.098,1.247E6
