id,area,rt,mz_range:min,mz_range:max,fragment_scans,alignment_scores:rate,alignment_scores:aligned_features_n,alignment_scores:align_extra_features,alignment_scores:weighted_distance_score,alignment_scores:mz_diff_ppm,alignment_scores:mz_diff,alignment_scores:rt_absolute_error,rt_range:min,rt_range:max,mz,intensity_range:min,intensity_range:max,height,compound_db_identity:compound_db_identity,compound_db_identity:compound_name,compound_db_identity:compound_annotation_score,compound_db_identity:mol_formula,compound_db_identity:adduct,compound_db_identity:precursor_mz,compound_db_identity:mz_diff_ppm,compound_db_identity:neutral_mass,compound_db_identity:rt,datafile:005_Solvent_STD7_Q48ppb_MS2_pos_r3_211119172303.mzML:area,datafile:005_Solvent_STD7_Q48ppb_MS2_pos_r3_211119172303.mzML:rt,datafile:005_Solvent_STD7_Q48ppb_MS2_pos_r3_211119172303.mzML:mz_range:min,datafile:005_Solvent_STD7_Q48ppb_MS2_pos_r3_211119172303.mzML:mz_range:max,datafile:005_Solvent_STD7_Q48ppb_MS2_pos_r3_211119172303.mzML:fragment_scans,datafile:005_Solvent_STD7_Q48ppb_MS2_pos_r3_211119172303.mzML:rt_ms2_apex_distance,datafile:005_Solvent_STD7_Q48ppb_MS2_pos_r3_211119172303.mzML:fwhm,datafile:005_Solvent_STD7_Q48ppb_MS2_pos_r3_211119172303.mzML:rt_range:min,datafile:005_Solvent_STD7_Q48ppb_MS2_pos_r3_211119172303.mzML:rt_range:max,datafile:005_Solvent_STD7_Q48ppb_MS2_pos_r3_211119172303.mzML:feature_state,datafile:005_Solvent_STD7_Q48ppb_MS2_pos_r3_211119172303.mzML:mz,datafile:005_Solvent_STD7_Q48ppb_MS2_pos_r3_211119172303.mzML:intensity_range:min,datafile:005_Solvent_STD7_Q48ppb_MS2_pos_r3_211119172303.mzML:intensity_range:max,datafile:005_Solvent_STD7_Q48ppb_MS2_pos_r3_211119172303.mzML:asymmetry_factor,datafile:005_Solvent_STD7_Q48ppb_MS2_pos_r3_211119172303.mzML:tailing_factor,datafile:005_Solvent_STD7_Q48ppb_MS2_pos_r3_211119172303.mzML:height,datafile:003_Solvent_STD7_Q48ppb_MS2_pos_r1_211119164941.mzML:area,datafile:003_Solvent_STD7_Q48ppb_MS2_pos_r1_211119164941.mzML:rt,datafile:003_Solvent_STD7_Q48ppb_MS2_pos_r1_211119164941.mzML:mz_range:min,datafile:003_Solvent_STD7_Q48ppb_MS2_pos_r1_211119164941.mzML:mz_range:max,datafile:003_Solvent_STD7_Q48ppb_MS2_pos_r1_211119164941.mzML:fragment_scans,datafile:003_Solvent_STD7_Q48ppb_MS2_pos_r1_211119164941.mzML:rt_ms2_apex_distance,datafile:003_Solvent_STD7_Q48ppb_MS2_pos_r1_211119164941.mzML:fwhm,datafile:003_Solvent_STD7_Q48ppb_MS2_pos_r1_211119164941.mzML:rt_range:min,datafile:003_Solvent_STD7_Q48ppb_MS2_pos_r1_211119164941.mzML:rt_range:max,datafile:003_Solvent_STD7_Q48ppb_MS2_pos_r1_211119164941.mzML:feature_state,datafile:003_Solvent_STD7_Q48ppb_MS2_pos_r1_211119164941.mzML:mz,datafile:003_Solvent_STD7_Q48ppb_MS2_pos_r1_211119164941.mzML:intensity_range:min,datafile:003_Solvent_STD7_Q48ppb_MS2_pos_r1_211119164941.mzML:intensity_range:max,datafile:003_Solvent_STD7_Q48ppb_MS2_pos_r1_211119164941.mzML:asymmetry_factor,datafile:003_Solvent_STD7_Q48ppb_MS2_pos_r1_211119164941.mzML:tailing_factor,datafile:003_Solvent_STD7_Q48ppb_MS2_pos_r1_211119164941.mzML:height,datafile:004_Solvent_STD7_Q48ppb_MS2_pos_r2_211119170623.mzML:area,datafile:004_Solvent_STD7_Q48ppb_MS2_pos_r2_211119170623.mzML:rt,datafile:004_Solvent_STD7_Q48ppb_MS2_pos_r2_211119170623.mzML:mz_range:min,datafile:004_Solvent_STD7_Q48ppb_MS2_pos_r2_211119170623.mzML:mz_range:max,datafile:004_Solvent_STD7_Q48ppb_MS2_pos_r2_211119170623.mzML:fragment_scans,datafile:004_Solvent_STD7_Q48ppb_MS2_pos_r2_211119170623.mzML:rt_ms2_apex_distance,datafile:004_Solvent_STD7_Q48ppb_MS2_pos_r2_211119170623.mzML:fwhm,datafile:004_Solvent_STD7_Q48ppb_MS2_pos_r2_211119170623.mzML:rt_range:min,datafile:004_Solvent_STD7_Q48ppb_MS2_pos_r2_211119170623.mzML:rt_range:max,datafile:004_Solvent_STD7_Q48ppb_MS2_pos_r2_211119170623.mzML:feature_state,datafile:004_Solvent_STD7_Q48ppb_MS2_pos_r2_211119170623.mzML:mz,datafile:004_Solvent_STD7_Q48ppb_MS2_pos_r2_211119170623.mzML:intensity_range:min,datafile:004_Solvent_STD7_Q48ppb_MS2_pos_r2_211119170623.mzML:intensity_range:max,datafile:004_Solvent_STD7_Q48ppb_MS2_pos_r2_211119170623.mzML:asymmetry_factor,datafile:004_Solvent_STD7_Q48ppb_MS2_pos_r2_211119170623.mzML:tailing_factor,datafile:004_Solvent_STD7_Q48ppb_MS2_pos_r2_211119170623.mzML:height
202,9.045E2,3.054,111.04381,111.04417,18,1,3,3,0.96,0.09,0.00001,0.027,3.002,3.111,111.04399,7.46E3,2.116E4,2.116E4,,,,,,,,,,7.301E2,3.046,111.04387,111.04404,4,0.002,0.019,3.043,3.094,DETECTED,111.04396,8.812E3,1.894E4,13.378,7.189,1.894E4,8.698E2,3.096,111.04394,111.04408,6,-0.028,0.066,3.057,3.111,DETECTED,111.04399,7.46E3,1.93E4,0.372,0.686,1.93E4,9.045E2,3.02,111.04381,111.04417,8,-0.015,0.087,3.002,3.056,DETECTED,111.04402,9.202E3,2.116E4,2.075,1.537,2.116E4
702,1.282E3,3.266,111.04387,111.04401,16,0.67,2,5,0.98,0.1,0.00001,0.01,3.193,3.325,111.04398,7.887E3,3.104E4,3.104E4,,,,,,,,,,6.853E2,3.31,111.04388,111.04408,,,0.021,3.287,3.325,ESTIMATED,111.04398,7.887E3,3.104E4,0.645,0.822,3.104E4,1.282E3,3.253,111.04388,111.04408,9,-0.028,0.132,3.217,3.295,DETECTED,111.04399,9.357E3,2.046E4,1.171,1.086,2.046E4,9.676E2,3.233,111.04387,111.04401,7,-0.03,0.066,3.193,3.248,DETECTED,111.04397,9.379E3,2.087E4,0.368,0.684,2.087E4
1131,3.079E3,3.378,111.04386,111.04415,15,1,3,3,0.93,0.02,0,0.056,3.282,3.519,111.04396,5.825E3,2.347E4,2.347E4,,,,,,,,,,3.079E3,3.31,111.04386,111.04415,6,-0.004,0.215,3.282,3.505,DETECTED,111.04395,6.144E3,2.347E4,6.817,3.908,2.347E4,1.758E3,3.361,111.04386,111.0441,9,-0.032,0.092,3.302,3.421,DETECTED,111.04396,6.988E3,1.758E4,1.026,1.013,1.758E4,9.15E2,3.463,111.04384,111.04401,,,0.072,3.458,3.519,DETECTED,111.04396,5.825E3,1.751E4,12.621,6.81,1.751E4
2207,2.287E3,3.724,123.08015,123.08053,28,1,3,0,0.97,0.19,0.00002,0.014,3.645,3.818,123.0804,4.418E3,2.932E4,2.932E4,,,,,,,,,,2.287E3,3.736,123.08015,123.08053,10,-0.01,0.115,3.687,3.818,DETECTED,123.08036,8.515E3,2.701E4,1.715,1.358,2.701E4,1.879E3,3.733,123.08024,123.08058,10,-0.008,0.058,3.679,3.783,DETECTED,123.08042,4.773E3,2.932E4,0.93,0.965,2.932E4,2.043E3,3.703,123.08027,123.0807,8,0.022,0.091,3.645,3.772,DETECTED,123.08041,4.418E3,2.497E4,1.191,1.096,2.497E4
2832,1.41E4,3.942,579.14691,579.15045,54,1,3,0,0.99,0.12,0.00007,0.002,3.835,4.048,579.1493,1.013E4,1.761E5,1.761E5,Procyanidin B1: [M+H]+: 0.843,Procyanidin B1,0.84,C30H26O12,[M+H]+,579.1497,-0.69,578.14243,3.96,1.222E4,3.942,579.14825,579.15015,20,-0.087,0.06,3.843,4.034,DETECTED,579.1492,1.013E4,1.539E5,0.786,0.96,1.539E5,1.326E4,3.945,579.1474,579.15039,19,-0.074,0.061,3.846,4.037,DETECTED,579.14934,1.231E4,1.59E5,0.726,0.963,1.59E5,1.41E4,3.94,579.14691,579.15045,15,-0.079,0.046,3.835,4.048,DETECTED,579.14937,1.056E4,1.761E5,0.632,1.25,1.761E5
2953,1.155E3,4,123.0802,123.08051,3,0.33,1,0,1,0,0,0,3.942,4.058,123.0804,6.245E3,2.195E4,2.195E4,,,,,,,,,,1.155E3,3.981,123.0802,123.08051,3,-0.001,0.083,3.942,4.037,DETECTED,123.08039,6.245E3,1.865E4,1.463,1.232,1.865E4,2.156E2,4.043,123.08026,123.08052,,,0.01,4.037,4.058,ESTIMATED,123.08044,7.612E3,1.888E4,2.412,1.706,1.888E4,6.74E2,3.977,123.08033,123.08047,,,0.183,3.951,4,ESTIMATED,123.08038,1.156E4,2.195E4,0.855,0.928,2.195E4
3268,4.031E3,4.105,181.04933,181.04974,21,1,3,0,0.99,0.04,0.00001,0.005,4.062,4.183,181.04946,1.006E4,7.499E4,7.499E4,,,,,,,,,,3.768E3,4.105,181.04933,181.04974,7,-0.024,0.05,4.068,4.158,DETECTED,181.04946,1.006E4,7.334E4,1.407,1.204,7.334E4,4.031E3,4.112,181.04921,181.04987,7,-0.026,0.049,4.078,4.183,DETECTED,181.04944,1.1E4,7.499E4,1.747,1.55,7.499E4,3.867E3,4.097,181.0493,181.04976,7,-0.019,0.052,4.062,4.153,DETECTED,181.04947,1.268E4,7.346E4,1.61,1.305,7.346E4
3278,1.533E3,4.105,357.08099,357.08157,3,0.67,2,0,0.93,0.84,0.0003,0.003,4.071,4.14,357.08094,9.689E3,3.873E4,3.873E4,Caffeic Acid-3-B-D-Glucuronide: [M+H]+: 0.532,Caffeic Acid-3-B-D-Glucuronide,0.53,C15H16O10,[M+H]+,357.08162,-1.92,356.07435,4.16,1.533E3,4.105,357.08099,357.08157,1,0.013,0.2,4.083,4.135,DETECTED,357.08132,9.689E3,3.76E4,1.346,1.173,3.76E4,1.097E3,4.112,357.08057,357.08124,2,-0.001,0.161,4.089,4.14,DETECTED,357.08072,1.25E4,2.62E4,1.21,1.105,2.62E4,1.336E3,4.097,357.08051,357.08115,,,0.299,4.071,4.133,ESTIMATED,357.08077,1.629E4,3.873E4,1.386,1.193,3.873E4
3284,6.226E3,4.109,466.1048,466.10638,56,1,3,0,0.98,0.14,0.00006,0.011,3.951,4.24,466.10574,7.337E3,4.08E4,4.08E4,,,,,,,,,,5.098E3,4.105,466.1048,466.10638,19,-0.108,0.184,3.963,4.198,DETECTED,466.10571,7.456E3,3.477E4,0.65,0.825,3.477E4,4.886E3,4.126,466.10489,466.10712,17,-0.098,0.106,4.012,4.231,DETECTED,466.10567,7.337E3,4.08E4,0.922,0.961,4.08E4,6.226E3,4.097,466.10449,466.10742,20,-0.09,0.206,3.951,4.24,DETECTED,466.10583,1.131E4,3.517E4,0.979,0.99,3.517E4
3322,4.062E5,4.119,180.06516,180.06631,118,1,3,0,0.99,0.01,0,0.006,4.034,4.622,180.06543,9.923E3,6.133E6,6.133E6,Hippuric Acid: [M+H]+: 0.595,Hippuric Acid,0.59,C9H9NO3,[M+H]+,180.06552,-0.52,179.05824,4.19,3.953E5,4.122,180.06516,180.06631,42,-0.076,0.054,4.04,4.554,DETECTED,180.06543,9.923E3,5.358E6,1.806,2.249,5.358E6,4.062E5,4.126,180.06516,180.06621,45,-0.063,0.049,4.058,4.622,DETECTED,180.06542,1.509E4,6.133E6,1.437,2.346,6.133E6,3.71E5,4.111,180.06499,180.06548,31,-0.066,0.051,4.034,4.385,DETECTED,180.06543,1.231E4,5.216E6,1.74,1.71,5.216E6
3511,1.846E3,4.189,139.07507,139.07558,1,1,3,3,0.9,0.08,0.00001,0.079,4.024,4.348,139.07536,8.121E3,1.908E4,1.908E4,,,,,,,,,,1.414E3,4.25,139.07507,139.07558,,,,4.239,4.348,DETECTED,139.07538,8.607E3,1.687E4,8.732,4.866,1.687E4,1.846E3,4.245,139.07509,139.07552,1,-0.001,0.097,4.157,4.295,DETECTED,139.07535,8.121E3,1.727E4,0.57,0.785,1.727E4,8.012E2,4.071,139.07529,139.07552,,,0.055,4.024,4.079,DETECTED,139.07537,8.633E3,1.908E4,0.186,0.593,1.908E4
3553,1.749E4,4.198,355.1015,355.10248,27,1,3,0,0.99,0.1,0.00003,0.006,4.144,4.368,355.1019,8.525E3,2.933E5,2.933E5,Chlorogenic Acid: [M+H]+: 0.661,Chlorogenic Acid,0.66,C16H18O9,[M+H]+,355.10236,-1.28,354.09508,4.24,1.749E4,4.198,355.1015,355.10248,9,-0.03,0.046,4.158,4.362,DETECTED,355.10194,9.103E3,2.933E5,2.081,2.414,2.933E5,1.598E4,4.206,355.10138,355.10242,9,-0.035,0.049,4.157,4.368,DETECTED,355.10192,8.525E3,2.572E5,1.978,2.05,2.572E5,1.616E4,4.19,355.10144,355.10245,9,-0.026,0.047,4.144,4.282,DETECTED,355.10185,1.511E4,2.889E5,1.612,1.525,2.889E5
3583,2.353E3,4.213,123.08028,123.08054,1,0.33,1,1,1,0,0,0,4.122,4.362,123.08046,5.237E3,1.893E4,1.893E4,,,,,,,,,,2.353E3,4.212,123.08028,123.08054,1,0.012,0.143,4.18,4.362,DETECTED,123.0804,5.237E3,1.594E4,4.817,2.908,1.594E4,8.128E2,4.295,123.0803,123.08052,,,0.038,4.231,4.308,ESTIMATED,123.08043,7.524E3,1.893E4,0.216,0.608,1.893E4,1.993E2,4.133,123.0804,123.08055,,,0.022,4.122,4.144,ESTIMATED,123.08055,1.776E4,1.776E4,0.996,0.998,1.776E4
3631,1.741E4,4.232,291.08554,291.08624,43,1,3,0,0.98,0.15,0.00004,0.005,4.176,4.424,291.08596,6.666E3,2.679E5,2.679E5,(+)-Catechin: [M+H]+: 0.636,(+)-Catechin,0.64,C15H14O6,[M+H]+,291.08631,-1.23,290.07904,4.28,1.741E4,4.239,291.08575,291.08646,15,-0.042,0.066,4.18,4.387,DETECTED,291.08602,6.666E3,2.249E5,2.317,2.131,2.249E5,1.741E4,4.231,291.08551,291.08633,12,-0.026,0.051,4.183,4.424,DETECTED,291.08592,8.375E3,2.595E5,1.802,2.04,2.595E5,1.712E4,4.226,291.08554,291.08624,16,-0.037,0.054,4.176,4.371,DETECTED,291.08593,1.447E4,2.679E5,2.094,1.611,2.679E5
3640,2.847E3,4.236,139.03879,139.03909,5,1,3,0,0.97,0.27,0.00004,0.007,4.176,4.289,139.03896,6.029E3,5.338E4,5.338E4,,,,,,,,,,2.671E3,4.239,139.03879,139.03909,1,-0.001,0.067,4.18,4.289,DETECTED,139.03897,6.029E3,3.992E4,0.855,0.927,3.992E4,2.277E3,4.245,139.03886,139.03909,1,-0.004,0.06,4.195,4.283,DETECTED,139.039,8.045E3,3.909E4,0.775,0.887,3.909E4,2.847E3,4.226,139.03879,139.03902,3,-0.015,0.049,4.176,4.267,DETECTED,139.0389,6.15E3,5.338E4,0.821,0.91,5.338E4
3989,3.242E3,4.379,169.04936,169.04959,11,0.33,1,4,1,0,0,0,4.333,4.465,169.04952,7.9E3,5.641E4,5.641E4,Vanillic Acid: [M+H]+: 0.688,Vanillic Acid,0.69,C8H8O4,[M+H]+,169.04953,-0.07,168.04226,4.44,3.055E3,4.376,169.04948,169.0497,4,-0.006,0.018,4.362,4.465,DETECTED,169.04956,1.091E4,4.683E4,6.48,3.74,4.683E4,3.242E3,4.39,169.04938,169.04973,4,-0.026,0.06,4.356,4.46,DETECTED,169.04952,8.975E3,5.641E4,2.073,1.536,5.641E4,1.907E3,4.371,169.04936,169.04959,3,-0.015,0.042,4.333,4.385,DETECTED,169.04949,7.9E3,5.363E4,0.364,0.682,5.363E4
4026,1.485E3,4.371,123.08023,123.08064,1,0.67,2,1,0.96,0.02,0,0.033,4.313,4.538,123.08042,7.018E3,1.604E4,1.604E4,,,,,,,,,,1.485E3,4.423,123.08025,123.08061,1,0.077,,4.412,4.538,DETECTED,123.08045,7.744E3,1.604E4,10.14,5.57,1.604E4,3.89E2,4.331,123.08036,123.08045,,,0.03,4.317,4.356,ESTIMATED,123.08037,9.194E3,1.594E4,1.838,1.419,1.594E4,6.147E2,4.357,123.08023,123.08064,,,0.048,4.313,4.371,DETECTED,123.08045,7.018E3,1.309E4,0.313,0.656,1.309E4
4051,1.379E4,4.399,582.15179,582.15369,58,1,3,0,0.98,0.19,0.00011,0.006,4.226,4.501,582.15299,6.968E3,1.066E5,1.066E5,,,,,,,,,,1.379E4,4.401,582.15216,582.1543,19,-0.115,0.144,4.239,4.501,DETECTED,582.15316,7.19E3,9.394E4,0.594,0.811,9.394E4,1.365E4,4.39,582.15179,582.15363,20,-0.113,0.124,4.27,4.488,DETECTED,582.15297,1.492E4,1.032E5,0.811,0.905,1.032E5,1.306E4,4.405,582.15179,582.15369,19,-0.115,0.125,4.226,4.495,DETECTED,582.15284,6.968E3,1.066E5,0.466,0.576,1.066E5
4124,4.32E3,4.428,450.1087,450.11148,30,1,3,0,0.95,0.22,0.0001,0.025,4.289,4.501,450.11071,6.923E3,2.996E4,2.996E4,,,,,,,,,,4.32E3,4.465,450.11011,450.11136,12,-0.109,0.211,4.289,4.501,DETECTED,450.1107,7.946E3,2.529E4,0.206,0.603,2.529E4,3.463E3,4.401,450.11005,450.11163,10,-0.046,0.169,4.317,4.488,DETECTED,450.11085,6.923E3,2.996E4,1.026,1.013,2.996E4,3.241E3,4.416,450.1087,450.11148,8,-0.049,0.264,4.344,4.487,DETECTED,450.11056,8.594E3,2.927E4,0.981,0.991,2.927E4
4265,1.214E4,4.487,181.04915,181.04967,44,1,3,0,0.99,0.06,0.00001,0.001,4.444,4.622,181.04941,3.332E3,2.078E5,2.078E5,Caffeic Acid: [M+H]+: 0.671,Caffeic Acid,0.67,C9H8O4,[M+H]+,181.04953,-0.66,180.04226,4.54,1.214E4,4.488,181.04915,181.04967,15,-0.012,0.056,4.447,4.586,DETECTED,181.04941,3.332E3,2.078E5,2.253,2.292,2.078E5,1.123E4,4.488,181.04915,181.05,17,-0.02,0.044,4.449,4.622,DETECTED,181.0494,1.053E4,2.07E5,1.733,1.894,2.07E5,1.165E4,4.487,181.04932,181.04976,12,-0.021,0.051,4.444,4.573,DETECTED,181.04943,9.729E3,2.017E5,1.767,1.527,2.017E5
4634,1.046E5,4.6,579.14856,579.15002,80,1,3,0,0.99,0.04,0.00002,0.006,4.543,4.864,579.14936,5.743E3,1.677E6,1.677E6,Procyanidin B2: [M+H]+: 0.789,Procyanidin B2,0.79,C30H26O12,[M+H]+,579.1497,-0.59,578.14243,4.63,9.989E4,4.598,579.14856,579.15002,23,-0.037,0.05,4.55,4.844,DETECTED,579.14939,5.743E3,1.566E6,2.26,2.397,1.566E6,1.046E5,4.609,579.14789,579.15002,30,-0.045,0.05,4.551,4.838,DETECTED,579.14933,1.07E4,1.677E6,1.346,1.71,1.677E6,9.121E4,4.593,579.14771,579.15051,27,-0.036,0.048,4.543,4.864,DETECTED,579.14935,1.112E4,1.393E6,3.049,2.273,1.393E6
4712,1.594E3,4.592,123.08022,123.08048,5,0.33,1,0,1,0,0,0,4.537,4.68,123.08034,6.845E3,1.601E4,1.601E4,,,,,,,,,,1.594E3,4.625,123.08022,123.08048,5,-0.052,0.063,4.546,4.68,DETECTED,123.08037,7.429E3,1.461E4,0.693,0.847,1.461E4,2.422E2,4.609,123.08025,123.08037,,,0.03,4.592,4.622,ESTIMATED,123.08025,1.601E4,1.601E4,0.836,0.918,1.601E4,5.508E2,4.543,123.08031,123.08065,,,0.046,4.537,4.593,ESTIMATED,123.0804,6.845E3,1.417E4,8.099,4.55,1.417E4
4793,8.984E2,4.627,180.06564,180.0663,2,0.33,1,1,1,0,0,0,4.571,4.702,180.06586,8.073E3,2.658E4,2.658E4,,,,,,,,,,2.483E2,4.643,180.06549,180.06635,,,0.017,4.634,4.652,ESTIMATED,180.06572,8.852E3,2.401E4,1.004,1.002,2.401E4,2.499E2,4.577,180.06561,180.06586,,,0.012,4.571,4.583,ESTIMATED,180.06579,9.221E3,2.658E4,0.999,0.999,2.658E4,8.984E2,4.662,180.06564,180.0663,2,0.008,0.277,4.636,4.702,DETECTED,180.06606,8.073E3,1.728E4,1.527,1.263,1.728E4
4843,1.963E3,4.679,199.05983,199.06013,8,0.67,2,0,0.98,0.14,0.00003,0.008,4.649,4.713,199.05996,8.934E3,4.525E4,4.525E4,Syringic Acid: [M+H]+: 0.725,Syringic Acid,0.73,C9H10O5,[M+H]+,199.0601,-0.71,198.05282,4.72,8.437E2,4.68,199.05984,199.06024,,,0.034,4.652,4.689,ESTIMATED,199.06,1.286E4,4.362E4,0.305,0.652,4.362E4,1.231E3,4.687,199.05974,199.0602,4,-0.01,0.038,4.659,4.713,DETECTED,199.05991,9.115E3,3.373E4,0.94,0.97,3.373E4,1.963E3,4.671,199.05983,199.06013,4,-0.016,0.051,4.649,4.708,DETECTED,199.05996,8.934E3,4.525E4,1.716,1.358,4.525E4
5301,3.819E3,4.848,139.03886,139.03906,7,1,3,0,0.99,0.12,0.00002,0.002,4.813,4.932,139.03893,3.982E3,7.594E4,7.594E4,,,,,,,,,,3.296E3,4.844,139.03886,139.03906,3,-0.001,0.04,4.813,4.914,DETECTED,139.03894,3.982E3,6.867E4,2.71,1.616,6.867E4,3.819E3,4.851,139.03889,139.03917,2,-0.004,0.047,4.815,4.932,DETECTED,139.03895,5.412E3,7.594E4,1.166,1.619,7.594E4,2.77E3,4.848,139.03885,139.03896,2,-0.004,0.078,4.821,4.878,DETECTED,139.03891,1.22E4,6.719E4,1.096,1.048,6.719E4
5302,2.582E4,4.848,291.08569,291.08636,48,1,3,0,0.99,0.14,0.00004,0.002,4.809,5.015,291.08596,3.556E3,5.214E5,5.214E5,(-)-Epicatechin: [M+H]+: 0.670,(-)-Epicatechin,0.67,C15H14O6,[M+H]+,291.08631,-1.2,290.07904,4.89,2.435E4,4.844,291.08569,291.08636,17,-0.015,0.04,4.819,5.015,DETECTED,291.08602,1.339E4,4.859E5,2.648,2.975,4.859E5,2.582E4,4.851,291.08563,291.08624,15,-0.02,0.045,4.815,4.999,DETECTED,291.08598,3.556E3,5.214E5,1.418,1.831,5.214E5,2.411E4,4.848,291.08566,291.08621,16,-0.017,0.046,4.809,5.006,DETECTED,291.0859,9.074E3,4.598E5,1.761,2.325,4.598E5
5303,1.236E3,4.83,180.06641,180.06679,7,0.33,1,1,1,0,0,0,4.751,4.91,180.06639,7.421E3,2.468E4,2.468E4,,,,,,,,,,5.368E2,4.764,180.06599,180.06694,,,0.03,4.751,4.789,ESTIMATED,180.06625,1.259E4,1.829E4,1.879,1.44,1.829E4,6.878E2,4.879,180.06598,180.06671,,,0.034,4.865,4.91,ESTIMATED,180.06635,1.193E4,2.468E4,2.273,1.637,2.468E4,1.236E3,4.848,180.06641,180.06679,7,-0.049,0.231,4.792,4.878,DETECTED,180.06656,7.421E3,1.611E4,0.535,0.768,1.611E4
5319,1.344E3,4.847,125.05964,125.06004,2,0.33,1,2,1,0,0,0,4.809,4.923,125.05972,6.744E3,2.391E4,2.391E4,,,,,,,,,,1.344E3,4.856,125.05964,125.06004,2,-0.001,0.101,4.819,4.923,DETECTED,125.05977,6.744E3,1.848E4,1.859,1.43,1.848E4,7.633E2,4.865,125.05959,125.05977,,,0.028,4.838,4.901,ESTIMATED,125.05966,8.985E3,2.391E4,1.305,1.152,2.391E4,9.414E2,4.821,125.05946,125.05997,,,0.051,4.809,4.889,ESTIMATED,125.05972,7.807E3,1.885E4,6.099,3.549,1.885E4
5321,1.242E4,4.856,153.05438,153.05469,48,1,3,3,0.98,0.16,0.00002,0.006,4.758,4.957,153.05457,1.005E4,1.422E5,1.422E5,,,,,,,,,,9.886E3,4.856,153.05438,153.05469,14,-0.068,0.066,4.758,4.923,DETECTED,153.05458,1.005E4,1.324E5,0.724,0.844,1.324E5,1.242E4,4.865,153.0545,153.0547,19,-0.096,0.063,4.761,4.957,DETECTED,153.0546,1.203E4,1.422E5,1.03,0.942,1.422E5,1.043E4,4.848,153.05447,153.05464,15,-0.075,0.065,4.76,4.924,DETECTED,153.05454,1.172E4,1.323E5,0.829,0.931,1.323E5
5380,7.12E3,4.884,167.0701,167.07047,34,1,3,0,0.98,0.1,0.00002,0.007,4.844,5.006,167.07024,6.19E3,1.098E5,1.098E5,,,,,,,,,,7.12E3,4.894,167.07008,167.0704,10,-0.017,0.05,4.844,4.989,DETECTED,167.07026,6.19E3,1.098E5,1.907,1.453,1.098E5,4.578E3,4.879,167.07007,167.07042,10,-0.004,0.042,4.865,4.977,DETECTED,167.07022,1.077E4,8.587E4,8.371,4.095,8.587E4,6.49E3,4.878,167.0701,167.07047,14,-0.015,0.063,4.848,5.006,DETECTED,167.07023,1.399E4,1.034E5,4.033,2.625,1.034E5
5626,1.547E3,4.975,123.08028,123.08059,1,0.33,1,0,1,0,0,0,4.901,5.053,123.0804,5.939E3,2.055E4,2.055E4,,,,,,,,,,1.547E3,5,123.08028,123.08059,1,-0.035,0.095,4.914,5.053,DETECTED,123.0804,5.939E3,1.478E4,0.619,0.81,1.478E4,1.999E2,4.91,123.0804,123.08042,,,0.02,4.901,4.921,ESTIMATED,123.08042,1.23E4,1.475E4,1.288,1.144,1.475E4,2.513E2,5.015,123.08031,123.08041,,,0.02,5.006,5.026,ESTIMATED,123.08038,1.043E4,2.055E4,1.314,1.157,2.055E4
5629,1.035E4,5.003,153.05447,153.05473,61,1,3,6,0.98,0.1,0.00001,0.011,4.923,5.124,153.05456,2.249E4,1.031E5,1.031E5,,,,,,,,,,1.035E4,5.015,153.05447,153.05473,23,-0.09,0.186,4.923,5.117,DETECTED,153.05458,2.71E4,7.902E4,1.093,1.047,7.902E4,9.036E3,5.008,153.05438,153.05466,20,-0.048,0.069,4.957,5.124,DETECTED,153.05454,2.249E4,1.031E5,2.288,1.644,1.031E5,8.496E3,4.986,153.05449,153.05464,18,-0.06,0.12,4.924,5.084,DETECTED,153.05457,2.471E4,8.237E4,1.575,1.287,8.237E4
5755,4.452E3,5.047,867.21045,867.21259,18,1,3,0,0.99,0.09,0.00008,0.004,5.015,5.11,867.21187,6.999E3,1.191E5,1.191E5,Procyanidin C1: [M+H]+: 0.745,Procyanidin C1,0.74,C45H38O18,[M+H]+,867.21309,-1.41,866.20581,5.07,4.087E3,5.053,867.21045,867.21259,6,-0.019,0.043,5.024,5.105,DETECTED,867.21182,7.343E3,8.893E4,1.87,1.39,8.893E4,3.998E3,5.047,867.20831,867.2135,7,-0.014,0.042,5.026,5.11,DETECTED,867.21181,8.783E3,9.004E4,6.757,1.967,9.004E4,4.452E3,5.041,867.20984,867.21265,5,-0.008,0.036,5.015,5.097,DETECTED,867.21199,6.999E3,1.191E5,1.92,1.407,1.191E5
6038,2.237E3,5.154,123.04384,123.04415,14,0.67,2,5,0.97,0.12,0.00001,0.017,5.101,5.244,123.04403,7.513E3,2.191E4,2.191E4,,,,,,,,,,1.977E2,5.146,123.04397,123.04411,,,0.013,5.14,5.153,ESTIMATED,123.04405,1.11E4,1.922E4,1.112,1.056,1.922E4,1.987E3,5.175,123.04385,123.0441,6,-0.034,0.147,5.118,5.244,DETECTED,123.04401,7.513E3,2.039E4,1.215,1.107,2.039E4,2.237E3,5.14,123.04384,123.04415,8,-0.014,0.109,5.101,5.241,DETECTED,123.04403,8.133E3,2.191E4,2.566,1.783,2.191E4
6049,7.823E3,5.162,153.0544,153.0547,62,1,3,4,0.99,0.11,0.00002,0.004,5.084,5.344,153.05459,2.057E4,4.539E4,4.539E4,,,,,,,,,,2.795E3,5.163,153.05447,153.05469,12,-0.044,0.114,5.117,5.195,DETECTED,153.05462,2.674E4,4.46E4,0.689,0.844,4.46E4,7.823E3,5.155,153.05437,153.05478,27,-0.028,0.112,5.124,5.344,DETECTED,153.05459,2.238E4,4.511E4,6.17,3.585,4.511E4,5.963E3,5.166,153.0544,153.0547,23,-0.08,0.173,5.084,5.256,DETECTED,153.05457,2.057E4,4.539E4,1.093,1.046,4.539E4
6113,1.525E4,5.186,431.09641,431.09717,40,1,3,0,0.99,0.11,0.00005,0.001,5.155,5.312,431.09697,4.855E3,3.672E5,3.672E5,Daidzein-7-B-D-Glucuronide: [M+H]+: 0.809,Daidzein-7-B-D-Glucuronide,0.81,C21H18O10,[M+H]+,431.09727,-0.7,430.09,5.21,1.36E4,5.184,431.09641,431.09717,12,-0.012,0.037,5.159,5.271,DETECTED,431.09703,4.855E3,3.279E5,2.67,2.171,3.279E5,1.525E4,5.186,431.0965,431.09833,15,-0.015,0.036,5.164,5.312,DETECTED,431.09698,1.136E4,3.672E5,2.522,3.076,3.672E5,1.451E4,5.188,431.09637,431.09714,13,-0.025,0.033,5.155,5.284,DETECTED,431.0969,9.614E3,3.443E5,1.457,2.297,3.443E5
6378,2.018E3,5.209,123.08021,123.08052,11,0.67,2,4,0.99,0.03,0,0.003,5.14,5.329,123.08042,7.223E3,2.098E4,2.098E4,,,,,,,,,,9.935E2,5.213,123.08038,123.08065,4,-0.019,0.075,5.173,5.236,DETECTED,123.08046,7.752E3,1.894E4,0.59,0.795,1.894E4,2.018E3,5.214,123.08025,123.08057,3,-0.001,0.144,5.175,5.329,DETECTED,123.08041,7.278E3,1.856E4,2.963,1.982,1.856E4,1.475E3,5.2,123.08021,123.08052,4,0.008,0.078,5.14,5.256,DETECTED,123.08039,7.223E3,2.098E4,0.934,0.967,2.098E4
6416,2.31E3,5.291,123.04382,123.04411,14,1,3,2,0.95,0.06,0.00001,0.038,5.23,5.418,123.04401,6.154E3,1.872E4,1.872E4,,,,,,,,,,7.846E2,5.245,123.04382,123.04411,3,-0.001,0.084,5.23,5.289,DETECTED,123.04401,8.53E3,1.805E4,2.91,1.955,1.805E4,2.31E3,5.279,123.04382,123.04412,8,0.01,0.146,5.256,5.418,DETECTED,123.044,6.154E3,1.703E4,6.157,3.578,1.703E4,1.548E3,5.348,123.04376,123.04414,3,-0.035,0.084,5.241,5.359,DETECTED,123.04402,1.087E4,1.872E4,0.107,0.553,1.872E4
6490,4.07E3,5.322,165.05449,165.05487,32,1,3,0,1,0.02,0,0.001,5.289,5.388,165.05462,7.415E3,8.978E4,8.978E4,P-Coumaric Acid: [M+H]+: 0.761,P-Coumaric Acid,0.76,C9H8O3,[M+H]+,165.05462,0.01,164.04734,5.37,4.07E3,5.323,165.05449,165.05487,10,-0.016,0.045,5.289,5.376,DETECTED,165.05462,7.415E3,8.919E4,1.384,1.253,8.919E4,3.899E3,5.323,165.05435,165.05473,11,-0.012,0.055,5.303,5.388,DETECTED,165.05463,7.43E3,8.209E4,3.442,2.149,8.209E4,3.935E3,5.321,165.05435,165.05479,11,-0.025,0.037,5.29,5.378,DETECTED,165.05462,1.052E4,8.978E4,2.575,1.446,8.978E4
6604,1.3E4,5.373,153.05429,153.05476,165,1,3,0,0.94,0.09,0.00001,0.039,5.195,5.645,153.05459,6.478E3,4.465E4,4.465E4,,,,,,,,,,1.3E4,5.416,153.05429,153.05476,70,-0.215,0.143,5.195,5.645,DETECTED,153.05459,6.478E3,4.291E4,1.041,1.021,4.291E4,7.304E3,5.388,153.05441,153.05486,48,-0.042,0.201,5.344,5.593,DETECTED,153.05462,1.207E4,4.465E4,4.603,2.801,4.465E4,8.531E3,5.314,153.05443,153.05473,47,-0.051,0.282,5.256,5.555,DETECTED,153.05458,1.326E4,3.962E4,4.123,2.562,3.962E4
6852,8.743E2,5.426,123.08025,123.08057,3,0.67,2,2,0.93,0.06,0.00001,0.05,5.361,5.56,123.08041,6.122E3,1.974E4,1.974E4,,,,,,,,,,2.026E2,5.367,123.08037,123.0804,,,0.015,5.361,5.376,ESTIMATED,123.08037,7.028E3,1.974E4,1.403,1.201,1.974E4,8.743E2,5.505,123.08015,123.08065,2,-0.001,0.04,5.486,5.56,DETECTED,123.08044,7.331E3,1.789E4,2.826,1.913,1.789E4,6.968E2,5.406,123.08025,123.08057,1,0.008,0.015,5.402,5.461,DETECTED,123.08042,6.122E3,1.616E4,13.765,7.383,1.616E4
6969,9.934E2,5.498,123.04389,123.0441,7,0.33,1,1,1,0,0,0,5.455,5.576,123.04401,7.757E3,2.11E4,2.11E4,,,,,,,,,,9.484E1,5.459,123.04396,123.044,,,0.009,5.455,5.468,ESTIMATED,123.04399,8.221E3,1.502E4,2.045,1.523,1.502E4,4.565E2,5.522,123.04393,123.04414,,,0.025,5.512,5.547,ESTIMATED,123.04404,7.757E3,2.11E4,2.384,1.692,2.11E4,9.934E2,5.512,123.04389,123.0441,7,0.01,,5.506,5.576,DETECTED,123.044,8.926E3,1.847E4,10.28,5.64,1.847E4
7298,6.9E3,5.639,611.15845,611.16058,32,1,3,0,0.99,0.09,0.00005,0.002,5.613,5.696,611.16008,1.094E4,2.168E5,2.168E5,(+)-Rutin: [M+H]+: 0.749,(+)-Rutin,0.75,C27H30O16,[M+H]+,611.16066,-0.95,610.15338,5.67,5.812E3,5.641,611.15948,611.16193,12,-0.013,0.024,5.62,5.686,DETECTED,611.16016,1.28E4,2.168E5,2.301,1.561,2.168E5,6.9E3,5.639,611.15918,611.16028,8,-0.012,0.028,5.619,5.696,DETECTED,611.16004,1.094E4,2.121E5,2.435,1.731,2.121E5,5.498E3,5.636,611.15845,611.16058,12,-0.013,0.025,5.613,5.678,DETECTED,611.16004,1.172E4,1.93E5,1.779,1.408,1.93E5
7303,2.116E3,5.641,153.05443,153.05479,9,1,3,2,0.95,0.09,0.00001,0.033,5.568,5.771,153.0546,7.483E3,2.52E4,2.52E4,,,,,,,,,,1.75E3,5.675,153.05443,153.05479,,,0.064,5.654,5.771,DETECTED,153.0546,7.483E3,1.891E4,4.467,2.734,1.891E4,2.116E3,5.656,153.05438,153.05475,1,-0.047,0.111,5.603,5.716,DETECTED,153.05458,1.128E4,2.468E4,1.142,1.071,2.468E4,1.891E3,5.591,153.05447,153.05475,8,-0.017,0.041,5.568,5.678,DETECTED,153.05462,9.429E3,2.52E4,3.731,2.365,2.52E4
7454,2.394E4,5.695,195.06496,195.06548,31,0.67,2,3,1,0,0,0.001,5.662,5.835,195.0651,1.127E4,4.928E5,4.928E5,Isoferulic Acid: [M+H]+: 0.777,Isoferulic Acid,0.78,C10H10O4,[M+H]+,195.06518,-0.46,194.05791,5.73,2.187E4,5.695,195.06496,195.06548,15,-0.024,0.035,5.662,5.808,DETECTED,195.0651,1.127E4,4.845E5,2.202,2.26,4.845E5,2.394E4,5.696,195.06494,195.06537,16,-0.027,0.041,5.662,5.835,DETECTED,195.0651,1.683E4,4.928E5,2.044,1.995,4.928E5,1.422E4,5.692,195.06491,195.06522,,,0.026,5.686,5.787,ESTIMATED,195.06509,2.566E4,4.741E5,7.569,6.076,4.741E5
7599,4.968E3,5.752,225.07529,225.0757,12,1,3,0,0.99,0.06,0.00001,0.006,5.726,5.812,225.07555,8.902E3,1.184E5,1.184E5,Sinapic Acid: [M+H]+: 0.723,Sinapic Acid,0.72,C11H12O5,[M+H]+,225.07575,-0.87,224.06847,5.79,4.968E3,5.757,225.07529,225.0757,4,-0.015,0.047,5.729,5.808,DETECTED,225.07557,8.902E3,1.072E5,1.582,1.374,1.072E5,4.785E3,5.755,225.07538,225.07574,4,-0.01,0.041,5.729,5.796,DETECTED,225.07556,1.312E4,1.184E5,1.583,1.291,1.184E5,4.717E3,5.743,225.07538,225.0757,4,-0.001,0.044,5.726,5.812,DETECTED,225.07554,1.187E4,9.724E4,3.955,2.477,9.724E4
7642,4.803E3,5.77,123.04382,123.04417,29,1,3,0,0.98,0.23,0.00003,0.001,5.696,5.936,123.04398,5.637E3,5.861E4,5.861E4,,,,,,,,,,3.634E3,5.771,123.04387,123.04415,8,-0.015,0.19,5.735,5.87,DETECTED,123.04403,6.908E3,5.805E4,2.719,1.859,5.805E4,4.803E3,5.769,123.04379,123.04413,11,-0.054,0.052,5.696,5.901,DETECTED,123.04394,9.973E3,5.861E4,1.221,1.412,5.861E4,4.679E3,5.771,123.04382,123.04417,10,-0.004,0.069,5.72,5.936,DETECTED,123.04398,5.637E3,4.824E4,3.23,2.115,4.824E4
7643,6.14E3,5.77,443.09579,443.09726,9,1,3,0,0.99,0.15,0.00007,0.001,5.743,5.87,443.09683,5.362E3,1.404E5,1.404E5,(-)-Epicatechin Gallate: [M+H]+: 0.751,(-)-Epicatechin Gallate,0.75,C22H18O10,[M+H]+,443.09727,-1,442.09,5.8,6.14E3,5.771,443.09579,443.09726,3,-0.006,0.058,5.744,5.87,DETECTED,443.09689,9.408E3,1.256E5,3.55,2.29,1.256E5,5.965E3,5.769,443.09607,443.09723,2,-0.006,0.045,5.746,5.835,DETECTED,443.09687,9.855E3,1.404E5,2.643,1.976,1.404E5,4.899E3,5.771,443.0965,443.09702,4,-0.017,0.359,5.743,5.826,DETECTED,443.09673,5.362E3,9.837E4,2.002,1.501,9.837E4
7740,1.356E3,5.809,125.05962,125.05988,3,1,3,0,0.98,0.18,0.00002,0.008,5.744,5.849,125.05973,9.079E3,2.021E4,2.021E4,,,,,,,,,,1.185E3,5.819,125.05962,125.05988,1,-0.001,0.004,5.744,5.827,DETECTED,125.05975,9.622E3,1.768E4,0.116,0.558,1.768E4,8.191E2,5.796,125.05968,125.05994,1,0.01,0.057,5.755,5.81,DETECTED,125.05975,9.442E3,2.021E4,0.332,0.666,2.021E4,1.356E3,5.812,125.05952,125.05982,1,0.012,0.486,5.757,5.849,DETECTED,125.0597,9.079E3,1.847E4,0.675,0.838,1.847E4
7767,9.949E3,5.715,479.08136,479.08261,30,0.33,1,3,1,0,0,0,5.692,5.841,479.08162,9.057E3,2.638E5,2.638E5,Quercetin-7-O-B-D-Glucuronide: [M+H]+: 0.695,Quercetin-7-O-B-D-Glucuronide,0.69,C21H18O13,[M+H]+,479.08202,-0.82,478.07474,5.76,8.482E3,5.71,479.08136,479.08261,10,-0.007,0.038,5.695,5.788,DETECTED,479.08162,1.082E4,2.029E5,4.961,3.086,2.029E5,9.025E3,5.723,479.08093,479.08212,10,-0.019,0.05,5.696,5.824,DETECTED,479.08162,1.209E4,1.99E5,3.266,2.173,1.99E5,9.949E3,5.713,479.08029,479.08209,10,-0.014,0.029,5.692,5.841,DETECTED,479.08163,9.057E3,2.638E5,2.179,3.425,2.638E5
7771,9.697E2,5.827,123.08028,123.08048,2,0.67,2,1,0.96,0.15,0.00002,0.023,5.771,5.905,123.08035,3.907E3,1.811E4,1.811E4,,,,,,,,,,7.792E2,5.839,123.08024,123.08038,,,0.045,5.799,5.861,ESTIMATED,123.08033,1.055E4,1.811E4,0.561,0.78,1.811E4,8.595E2,5.844,123.08015,123.08054,1,0.012,0.008,5.835,5.905,DETECTED,123.08035,5.864E3,1.737E4,6.988,3.994,1.737E4,9.697E2,5.799,123.08028,123.08048,1,0.012,0.132,5.771,5.849,DETECTED,123.08038,3.907E3,1.633E4,1.838,1.419,1.633E4
7793,2.222E3,5.829,165.05443,165.05473,18,1,3,0,0.99,0.09,0.00001,0.004,5.799,5.881,165.05458,9.684E3,5.305E4,5.305E4,Trans-M-Coumaric Acid: [M+H]+: 0.671,Trans-M-Coumaric Acid,0.67,C9H8O3,[M+H]+,165.05462,-0.27,164.04734,5.89,2.07E3,5.827,165.05443,165.05473,5,-0.001,,5.819,5.881,DETECTED,165.05457,9.684E3,5.305E4,6.098,3.549,5.305E4,2.051E3,5.835,165.0545,165.05475,6,-0.015,0.053,5.81,5.877,DETECTED,165.0546,1.242E4,4.887E4,1.696,1.348,4.887E4,2.222E3,5.826,165.05443,165.05475,7,-0.004,0.039,5.799,5.876,DETECTED,165.05456,9.829E3,5.074E4,1.815,1.408,5.074E4
7991,1.501E4,5.891,195.065,195.06555,67,1,3,2,0.99,0.1,0.00002,0.002,5.808,6.062,195.06512,9.226E3,2.909E5,2.909E5,Ferulic Acid (B): [M+H]+: 0.725,Ferulic Acid (B),0.72,C10H10O4,[M+H]+,195.06518,-0.32,194.05791,5.94,1.482E4,5.891,195.06491,195.06543,26,-0.078,0.039,5.808,6.043,DETECTED,195.06514,9.226E3,2.909E5,0.741,1.151,2.909E5,1.501E4,5.894,195.06496,195.06538,20,-0.052,0.033,5.835,6.062,DETECTED,195.06509,1.2E4,2.908E5,1.307,1.881,2.908E5,1.362E4,5.889,195.065,195.06555,21,-0.043,0.035,5.841,6.025,DETECTED,195.06513,9.42E3,2.678E5,2.255,1.847,2.678E5
8072,2.316E4,5.93,577.13239,577.1347,68,1,3,0,0.99,0.11,0.00006,0.003,5.899,6.117,577.13362,6.411E3,4.795E5,4.795E5,Procyanidin A2: [M+H]+: 0.775,Procyanidin A2,0.77,C30H24O12,[M+H]+,577.13405,-0.75,576.12678,5.96,2.316E4,5.934,577.13184,577.13489,24,-0.022,0.037,5.903,6.099,DETECTED,577.13372,6.411E3,4.795E5,2.562,2.77,4.795E5,2.042E4,5.928,577.13232,577.13458,22,-0.014,0.039,5.905,6.105,DETECTED,577.13354,1.075E4,3.905E5,3.974,3.616,3.905E5,2.314E4,5.927,577.13239,577.1347,22,-0.019,0.041,5.899,6.117,DETECTED,577.1336,6.936E3,4.429E5,2.527,2.737,4.429E5
8157,5.511E4,5.956,447.09082,447.09235,113,1,3,0,0.99,0.1,0.00004,0.001,5.927,6.299,447.09176,8.281E3,1.234E6,1.234E6,Genistein-7-B-D-Glucuronide: [M+H]+: 0.684,Genistein-7-B-D-Glucuronide,0.68,C21H18O11,[M+H]+,447.09219,-0.96,446.08491,6,5.252E4,5.955,447.09079,447.09308,45,-0.012,0.033,5.934,6.299,DETECTED,447.09183,1.025E4,1.122E6,2.852,3.434,1.122E6,5.018E4,5.957,447.09128,447.0925,32,-0.019,0.033,5.928,6.159,DETECTED,447.09174,1.47E4,1.174E6,1.771,2.181,1.174E6,5.511E4,5.956,447.09082,447.09235,36,-0.021,0.033,5.927,6.262,DETECTED,447.09172,8.281E3,1.234E6,1.452,2.427,1.234E6
8220,6.19E2,6.013,123.08044,123.0805,1,0.33,1,4,1,0,0,0,5.956,6.071,123.08041,4.523E3,1.961E4,1.961E4,"2,6-Dimethylphenol (B): [M+H]+: 0.540","2,6-Dimethylphenol (B)",0.54,C8H10O,[M+H]+,123.08044,-0.23,122.07316,6.1,5.589E2,6.023,123.0803,123.08046,,,0.044,6.013,6.06,ESTIMATED,123.08038,1.167E4,1.752E4,4.155,2.577,1.752E4,4.883E2,6.041,123.08038,123.08047,,,0.023,6.026,6.071,ESTIMATED,123.08041,6.942E3,1.961E4,1.954,1.477,1.961E4,6.19E2,5.974,123.08044,123.0805,1,0.01,0.062,5.956,6.008,DETECTED,123.08046,4.523E3,1.615E4,1.92,1.46,1.615E4
8398,2.148E3,6.046,123.04387,123.04411,5,0.67,2,3,0.98,0.25,0.00003,0,6.001,6.166,123.04401,6.421E3,1.968E4,1.968E4,Benzoic Acid: [M+H]+: 0.645,Benzoic Acid,0.65,C7H6O2,[M+H]+,123.04406,-0.36,122.03678,6.11,2.148E3,6.043,123.04378,123.0441,1,0.016,0.206,6.001,6.166,DETECTED,123.04397,6.421E3,1.608E4,2.971,1.985,1.608E4,3.834E2,6.053,123.044,123.04408,,,0.243,6.035,6.062,ESTIMATED,123.04403,1.264E4,1.794E4,0.483,0.742,1.794E4,1.223E3,6.043,123.04387,123.04411,4,-0.008,0.086,6.008,6.084,DETECTED,123.04403,9.946E3,1.968E4,1.171,1.085,1.968E4
8558,6.313E2,6.085,123.08028,123.08064,1,0.67,2,1,0.94,0.07,0.00001,0.047,6.025,6.202,123.08042,6.525E3,1.961E4,1.961E4,"2,6-Dimethylphenol (B): [M+H]+: 0.911","2,6-Dimethylphenol (B)",0.91,C8H10O,[M+H]+,123.08044,-0.15,122.07316,6.1,5.916E2,6.154,123.08034,123.08056,,,0.019,6.15,6.202,DETECTED,123.08044,7.199E3,1.369E4,11.968,6.484,1.369E4,4.883E2,6.041,123.08038,123.08047,,,0.023,6.026,6.071,ESTIMATED,123.08041,6.942E3,1.961E4,1.954,1.477,1.961E4,6.313E2,6.06,123.08028,123.08064,1,0.008,0.041,6.025,6.084,DETECTED,123.08042,6.525E3,1.477E4,0.679,0.839,1.477E4
8713,2.582E3,6.145,447.09128,447.09235,10,0.33,1,0,1,0,0,0,6.079,6.292,447.09159,8.566E3,4.972E4,4.972E4,,,,,,,,,,2.371E3,6.092,447.09079,447.0921,,,0.057,6.079,6.15,ESTIMATED,447.09151,2.301E4,4.972E4,4.418,2.709,4.972E4,2.582E3,6.17,447.09091,447.09247,10,-0.005,0.104,6.159,6.292,DETECTED,447.09152,8.566E3,2.873E4,10.995,5.998,2.873E4,9.365E2,6.173,447.09128,447.09235,,,0.014,6.159,6.205,ESTIMATED,447.09175,1.61E4,3.581E4,2.293,1.646,3.581E4
8767,1.235E3,6.186,123.04388,123.04407,11,1,3,6,0.95,0.09,0.00001,0.035,6.084,6.233,123.04399,5.004E3,1.723E4,1.723E4,Benzoic Acid: [M+H]+: 0.570,Benzoic Acid,0.57,C7H6O2,[M+H]+,123.04406,-0.49,122.03678,6.11,7.497E2,6.226,123.04388,123.04407,2,-0.025,0.066,6.174,6.233,DETECTED,123.04399,6.953E3,1.496E4,0.121,0.561,1.496E4,6.693E2,6.199,123.04389,123.04404,,,0.063,6.155,6.21,DETECTED,123.04398,5.004E3,1.583E4,0.258,0.629,1.583E4,1.235E3,6.133,123.04387,123.04409,9,-0.033,0.065,6.084,6.173,DETECTED,123.04401,8.093E3,1.723E4,0.808,0.904,1.723E4
8814,2.09E4,6.2,581.18524,581.18671,21,1,3,0,1,0.02,0.00001,0.002,6.17,6.336,581.18605,9.344E3,5.252E5,5.252E5,Naringin: [M+H]+: 0.775,Naringin,0.77,C27H32O14,[M+H]+,581.18648,-0.75,580.17921,6.23,1.705E4,6.202,581.18506,581.18738,8,-0.015,0.032,6.174,6.336,DETECTED,581.18606,1.436E4,4.128E5,1.936,2.364,4.128E5,2.09E4,6.199,581.18481,581.18689,7,-0.011,0.032,6.174,6.328,DETECTED,581.18604,1.256E4,5.252E5,1.832,2.069,5.252E5,1.633E4,6.199,581.18524,581.18671,6,-0.02,0.033,6.17,6.308,DETECTED,581.18603,9.344E3,4.079E5,1.819,1.997,4.079E5
8857,2.323E4,6.214,463.08548,463.08707,48,1,3,0,0.99,0.03,0.00001,0.006,6.18,6.403,463.08655,5.395E2,5.702E5,5.702E5,Kaempferol-3-O-Glucuronide: [M+H]+: 0.699,Kaempferol-3-O-Glucuronide,0.7,C21H18O12,[M+H]+,463.0871,-1.2,462.07983,6.25,2.092E4,6.217,463.08548,463.08707,15,-0.019,0.031,6.191,6.391,DETECTED,463.08657,9.365E3,4.982E5,2.095,2.718,4.982E5,2.323E4,6.219,463.08557,463.08694,16,-0.021,0.033,6.189,6.364,DETECTED,463.08655,9.612E3,5.702E5,1.505,1.821,5.702E5,1.999E4,6.205,463.08514,463.08719,17,-0.01,0.033,6.18,6.403,DETECTED,463.08653,5.395E2,4.441E5,3.094,2.29,4.441E5
9185,3.024E3,6.324,123.04376,123.04408,19,1,3,5,0.99,0.05,0.00001,0.008,6.265,6.473,123.04396,9.129E3,4.288E4,4.288E4,,,,,,,,,,2.657E3,6.336,123.04378,123.04415,6,-0.058,0.047,6.265,6.395,DETECTED,123.04396,9.129E3,4.288E4,0.835,0.918,4.288E4,3.024E3,6.315,123.04381,123.04409,8,0.01,0.097,6.301,6.473,DETECTED,123.04396,1.036E4,3.456E4,11.396,6.198,3.456E4,2.353E3,6.322,123.04376,123.04408,5,-0.015,0.091,6.277,6.388,DETECTED,123.04395,9.132E3,3.573E4,1.469,1.234,3.573E4
9190,6.739E3,6.325,611.19397,611.19745,3,0.33,1,3,1,0,0,0,6.297,6.384,611.19649,8.582E3,2.303E5,2.303E5,Hesperidin (A): [M+H]+: 0.784,Hesperidin (A),0.78,C28H34O15,[M+H]+,611.19705,-0.91,610.18977,6.35,6.007E3,6.324,611.19397,611.19745,3,-0.006,,6.311,6.384,DETECTED,611.19653,8.582E3,1.784E5,2.952,2.676,1.784E5,6.739E3,6.328,611.19647,611.19751,,,0.035,6.301,6.364,ESTIMATED,611.19668,4.491E4,2.303E5,1.278,1.139,2.303E5,5.537E3,6.322,611.19446,611.19666,,,0.093,6.297,6.372,ESTIMATED,611.19626,1.048E4,1.391E5,1.646,1.563,1.391E5
9192,4.711E3,6.325,165.05431,165.05463,21,1,3,0,0.97,0.31,0.00005,0.002,6.286,6.384,165.05456,9.146E3,1.04E5,1.04E5,Trans-O-Coumaric Acid: [M+H]+: 0.691,Trans-O-Coumaric Acid,0.69,C9H8O3,[M+H]+,165.05462,-0.34,164.04734,6.38,4.711E3,6.324,165.05461,165.0547,8,-0.018,0.046,6.299,6.384,DETECTED,165.05464,1.302E4,1.04E5,2.392,1.696,1.04E5,4.1E3,6.328,165.05434,165.05463,6,-0.018,0.049,6.292,6.378,DETECTED,165.05453,9.597E3,8.291E4,1.215,1.184,8.291E4,3.916E3,6.322,165.05431,165.05463,7,-0.017,0.046,6.286,6.374,DETECTED,165.05452,9.146E3,7.838E4,1.296,1.222,7.838E4
9539,1.712E4,6.477,611.19385,611.19733,35,1,3,1,0.99,0.08,0.00005,0.001,6.441,6.589,611.1965,5.781E3,4.614E5,4.614E5,Hesperidin (B): [M+H]+: 0.794,Hesperidin (B),0.79,C28H34O15,[M+H]+,611.19705,-0.9,610.18977,6.5,1.546E4,6.477,611.19501,611.19751,12,-0.017,0.031,6.441,6.561,DETECTED,611.19655,5.781E3,4.546E5,1.747,1.714,4.546E5,1.712E4,6.479,611.19556,611.19928,10,-0.015,0.035,6.449,6.578,DETECTED,611.19643,1.372E4,4.614E5,2.866,1.999,4.614E5,1.537E4,6.475,611.19385,611.19733,13,-0.019,0.026,6.444,6.589,DETECTED,611.19651,1.268E4,4.392E5,2.339,1.806,4.392E5
11409,6.625E4,7.184,255.06451,255.06528,170,1,3,0,0.99,0.06,0.00002,0.007,7.138,7.45,255.06484,7.473E3,1.39E6,1.39E6,Daidzein: [M+H]+: 0.633,Daidzein,0.63,C15H10O4,[M+H]+,255.06518,-1.36,254.05791,7.23,6.572E4,7.191,255.06451,255.06528,56,-0.04,0.035,7.14,7.417,DETECTED,255.06484,7.473E3,1.39E6,1.405,1.807,1.39E6,6.331E4,7.187,255.06429,255.0652,54,-0.037,0.04,7.142,7.419,DETECTED,255.06481,9.892E3,1.179E6,1.758,1.998,1.179E6,6.625E4,7.174,255.06458,255.06516,60,-0.028,0.039,7.138,7.45,DETECTED,255.06486,1.001E4,1.298E6,2.556,2.752,1.298E6
11450,8.78E3,7.199,229.04909,229.04956,47,1,3,0,0.99,0.09,0.00002,0.003,7.163,7.289,229.04934,9.302E3,2.179E5,2.179E5,Urolithin A: [M+H]+: 0.661,Urolithin A,0.66,C13H8O4,[M+H]+,229.04953,-0.85,228.04226,7.25,8.248E3,7.203,229.04909,229.04956,16,-0.026,0.039,7.171,7.289,DETECTED,229.04936,9.302E3,1.74E5,2.004,1.857,1.74E5,8.78E3,7.199,229.0491,229.04945,17,-0.023,0.031,7.167,7.283,DETECTED,229.04931,9.425E3,2.179E5,1.543,1.91,2.179E5,8.065E3,7.195,229.04897,229.04973,14,-0.023,0.046,7.163,7.257,DETECTED,229.04936,1.187E4,1.611E5,1.615,1.461,1.611E5
12332,7.312E3,7.516,303.04892,303.04999,58,1,3,0,0.99,0.04,0.00001,0.006,7.481,7.624,303.04959,8.782E3,1.411E5,1.411E5,Quercetin: [M+H]+: 0.616,Quercetin,0.62,C15H10O7,[M+H]+,303.04993,-1.12,302.04265,7.57,6.697E3,7.514,303.04892,303.04999,18,-0.02,0.039,7.483,7.592,DETECTED,303.04958,1.186E4,1.411E5,2.132,1.717,1.411E5,7.312E3,7.524,303.0491,303.05035,21,-0.035,0.046,7.484,7.624,DETECTED,303.04961,8.782E3,1.278E5,2.348,1.735,1.278E5,6.34E3,7.508,303.04935,303.05011,19,-0.022,0.056,7.481,7.588,DETECTED,303.04958,1.153E4,1.051E5,2.969,1.985,1.051E5
12522,3.669E4,7.568,149.05951,149.05989,270,1,3,0,0.99,0.03,0,0.007,7.513,7.987,149.0597,8.717E3,4.179E5,4.179E5,Cinnamic Acid: [M+H]+: 0.787,Cinnamic Acid,0.79,C9H8O2,[M+H]+,149.05971,-0.02,148.05243,7.61,3.585E4,7.579,149.05956,149.06001,93,-0.051,0.053,7.518,7.946,DETECTED,149.05971,1.136E4,3.922E5,4.126,2.953,3.922E5,3.319E4,7.562,149.05949,149.05986,82,-0.038,0.067,7.518,7.895,DETECTED,149.0597,1.358E4,3.441E5,5.814,4.072,3.441E5,3.669E4,7.564,149.05951,149.05989,95,-0.045,0.052,7.513,7.987,DETECTED,149.0597,8.717E3,4.179E5,4.796,4.802,4.179E5
13733,9.617E2,7.975,149.05954,149.05992,9,0.33,1,0,1,0,0,0,7.911,8.057,149.05975,9.492E3,2.701E4,2.701E4,,,,,,,,,,3.699E2,7.927,149.05963,149.05977,,,0.009,7.911,7.931,ESTIMATED,149.05971,1.119E4,2.701E4,0.249,0.625,2.701E4,1.217E2,7.99,149.05975,149.05978,,,0.008,7.986,7.994,ESTIMATED,149.05977,1.398E4,2.175E4,0.869,0.934,2.175E4,9.617E2,8.008,149.05954,149.05992,9,-0.011,0.098,7.992,8.057,DETECTED,149.05975,9.492E3,1.813E4,2.93,1.965,1.813E4
14210,6.079E3,8.164,273.0744,273.07562,38,1,3,0,0.99,0.04,0.00001,0.003,8.126,8.212,273.07536,8.745E3,1.474E5,1.474E5,(+/-)-Naringenin: [M+H]+: 0.630,(+/-)-Naringenin,0.63,C15H12O5,[M+H]+,273.07575,-1.42,272.06847,8.21,5.939E3,8.16,273.07458,273.07562,12,-0.021,0.037,8.134,8.212,DETECTED,273.07536,1.106E4,1.403E5,1.927,1.464,1.403E5,6.015E3,8.167,273.07526,273.07574,13,-0.029,0.039,8.128,8.203,DETECTED,273.07538,8.745E3,1.474E5,0.96,0.681,1.474E5,6.079E3,8.166,273.0744,273.07562,13,-0.034,0.046,8.126,8.211,DETECTED,273.07535,1.222E4,1.323E5,0.858,1.067,1.323E5
14411,1.643E5,8.224,275.08432,275.08517,98,1,3,0,0.99,0.1,0.00003,0.003,8.166,8.589,275.0848,8.678E3,3.009E6,3.009E6,,,,,,,,,,1.643E5,8.223,275.08444,275.08533,35,-0.044,0.037,8.173,8.584,DETECTED,275.08476,8.678E3,3.009E6,1.605,1.734,3.009E6,1.531E5,8.229,275.08417,275.08505,30,-0.052,0.049,8.171,8.527,DETECTED,275.08484,1.909E4,2.419E6,1.443,2.117,2.419E6,1.511E5,8.219,275.08432,275.08517,33,-0.03,0.05,8.166,8.589,DETECTED,275.0848,1.32E4,2.341E6,1.687,2.668,2.341E6
14457,3.384E5,8.236,271.05945,271.06021,149,1,3,0,0.99,0.08,0.00002,0.003,8.18,8.716,271.05978,7.527E2,5.418E6,5.418E6,Apigenin: [M+H]+: 0.661,Apigenin,0.66,C15H10O5,[M+H]+,271.0601,-1.19,270.05282,8.28,3.26E5,8.231,271.05905,271.06027,52,-0.036,0.047,8.188,8.716,DETECTED,271.05974,8.127E3,5.189E6,3.088,2.572,5.189E6,3.283E5,8.24,271.05966,271.06006,44,-0.044,0.041,8.189,8.668,DETECTED,271.05981,1.381E4,5.418E6,1.949,2.705,5.418E6,3.384E5,8.237,271.05945,271.06021,53,-0.051,0.044,8.18,8.69,DETECTED,271.05978,7.527E2,5.342E6,1.945,2.475,5.342E6
14542,1.45E4,8.273,243.10133,243.10165,32,1,3,3,0.98,0.18,0.00004,0.002,8.237,8.411,243.10145,7.817E3,2.788E5,2.788E5,S-equol: [M+H]+: 0.715,S-equol,0.71,C15H14O3,[M+H]+,243.10157,-0.5,242.09429,8.32,1.45E4,8.272,243.10107,243.10158,12,-0.021,0.043,8.24,8.411,DETECTED,243.10138,1.406E4,2.788E5,5.802,3.579,2.788E5,1.398E4,8.276,243.10123,243.1017,11,-0.026,0.049,8.24,8.399,DETECTED,243.10148,7.817E3,2.38E5,2.206,2.087,2.38E5,1.285E4,8.271,243.10133,243.10165,9,-0.024,0.045,8.237,8.325,DETECTED,243.10149,1.729E4,2.66E5,1.516,1.308,2.66E5
14758,3.056E5,8.368,287.05429,287.05527,194,1,3,0,0.99,0.09,0.00003,0.001,8.314,8.848,287.05468,7.387E3,4.634E6,4.634E6,Kaempferol: [M+H]+: 0.576,Kaempferol,0.58,C15H10O6,[M+H]+,287.05501,-1.15,286.04774,8.43,2.823E5,8.369,287.05429,287.05536,64,-0.037,0.052,8.324,8.827,DETECTED,287.05465,1.321E4,4.015E6,2.641,3.717,4.015E6,2.958E5,8.368,287.05414,287.05496,70,-0.038,0.044,8.32,8.848,DETECTED,287.05472,1.174E4,4.512E6,2.589,2.966,4.512E6,3.056E5,8.368,287.05429,287.05527,60,-0.044,0.047,8.314,8.806,DETECTED,287.05467,7.387E3,4.634E6,2.74,2.59,4.634E6
14970,3.335E3,8.439,243.10048,243.10162,3,1,3,3,0.95,0.56,0.00014,0.006,8.345,8.527,243.10127,7.554E3,3.269E4,3.269E4,,,,,,,,,,8.032E2,8.448,243.10126,243.10176,,,,8.434,8.487,DETECTED,243.10147,7.554E3,1.917E4,2.774,1.887,1.917E4,1.483E3,8.439,243.10085,243.10143,1,-0.001,0.921,8.416,8.483,DETECTED,243.10107,1.231E4,2.448E4,1.957,1.478,2.448E4,3.335E3,8.43,243.10048,243.10162,2,-0.075,0.093,8.345,8.527,DETECTED,243.10126,1.023E4,3.269E4,1.136,1.068,3.269E4
15017,1.155E4,8.463,303.08578,303.08624,21,1,3,0,0.99,0.11,0.00003,0.004,8.417,8.552,303.08594,1.048E4,2.166E5,2.166E5,Hesperetin: [M+H]+: 0.691,Hesperetin,0.69,C16H14O6,[M+H]+,303.08631,-1.23,302.07904,8.5,1.081E4,8.459,303.08563,303.08618,7,-0.026,0.046,8.423,8.544,DETECTED,303.08599,1.048E4,2.166E5,1.861,2.007,2.166E5,1.08E4,8.469,303.08557,303.0864,7,-0.036,0.048,8.425,8.552,DETECTED,303.08594,1.076E4,2.074E5,1.226,2.096,2.074E5,1.155E4,8.461,303.08578,303.08624,7,-0.034,0.051,8.417,8.527,DETECTED,303.08589,1.158E4,2.16E5,1.316,1.253,2.16E5
15057,3.505E3,8.481,299.12704,299.12759,9,1,3,0,0.99,0.04,0.00001,0.005,8.447,8.527,299.12746,6.518E3,7.45E4,7.45E4,Enterolactone: [M+H]+: 0.699,Enterolactone,0.7,C18H18O4,[M+H]+,299.12779,-1.07,298.12051,8.52,2.769E3,8.487,299.12704,299.12759,3,-0.015,,8.448,8.5,DETECTED,299.12744,8.959E3,7.45E4,0.355,0.677,7.45E4,2.827E3,8.483,299.12708,299.12793,3,-0.015,0.171,8.455,8.527,DETECTED,299.12747,6.518E3,6.503E4,1.602,1.301,6.503E4,3.505E3,8.474,299.12674,299.12784,3,-0.015,0.063,8.447,8.527,DETECTED,299.12748,6.804E3,7.06E4,1.908,1.454,7.06E4
15135,1.004E4,8.513,317.06454,317.06577,33,1,3,0,0.99,0.08,0.00003,0.002,8.474,8.651,317.06531,7.96E3,2.057E5,2.057E5,Isorhamnetin: [M+H]+: 0.581,Isorhamnetin,0.58,C16H12O7,[M+H]+,317.06558,-0.85,316.0583,8.58,9.669E3,8.514,317.06454,317.06577,12,-0.006,0.053,8.487,8.651,DETECTED,317.0653,7.96E3,1.536E5,4.76,2.655,1.536E5,9.677E3,8.51,317.06503,317.06583,10,-0.004,0.048,8.483,8.617,DETECTED,317.06535,1.245E4,1.684E5,3.146,2.434,1.684E5,1.004E4,8.515,317.06497,317.06549,11,-0.015,0.044,8.474,8.608,DETECTED,317.06528,8.8E3,2.057E5,1.994,1.823,2.057E5
15283,3.029E3,8.542,275.08468,275.08517,2,0.33,1,0,1,0,0,0,8.473,8.605,275.08482,8.461E3,6.332E4,6.332E4,,,,,,,,,,3.029E3,8.487,275.08466,275.08533,,,0.035,8.473,8.567,ESTIMATED,275.08483,1.122E4,6.332E4,5.679,3.413,6.332E4,7.379E2,8.563,275.08447,275.08508,2,-0.001,0.03,8.552,8.605,DETECTED,275.08468,8.461E3,1.86E4,3.775,2.387,1.86E4,4.237E2,8.578,275.08468,275.08517,,,0.02,8.569,8.598,ESTIMATED,275.08495,1.242E4,2.422E4,2.289,1.644,2.422E4
16698,7.778E2,9.049,165.09076,165.09135,2,0.33,1,0,1,0,0,0,9.021,9.083,165.09099,5.914E3,2.161E4,2.161E4,Eugenol: [M+H]+: 0.839,Eugenol,0.84,C10H12O2,[M+H]+,165.09101,-0.08,164.08373,9.08,7.778E2,9.046,165.09076,165.09135,2,0.005,0.058,9.021,9.083,DETECTED,165.09101,5.914E3,1.773E4,1.493,1.247,1.773E4,9.528E1,9.051,165.09062,165.09117,,,0.006,9.043,9.053,ESTIMATED,165.09099,9.813E3,2.075E4,0.304,0.652,2.075E4,3.496E2,9.051,165.09073,165.09125,,,0.032,9.032,9.055,ESTIMATED,165.09097,1.287E4,2.161E4,0.167,0.583,2.161E4
17472,7.244E3,9.316,355.15323,355.15411,59,1,3,0,0.99,0.03,0.00001,0.003,9.284,9.38,355.1535,1.122E4,1.894E5,1.894E5,Isoxanthohumol: [M+H]+: 0.690,Isoxanthohumol,0.69,C21H22O5,[M+H]+,355.154,-1.42,354.14672,9.35,6.815E3,9.321,355.15302,355.15381,16,-0.029,0.029,9.287,9.36,DETECTED,355.15348,1.232E4,1.894E5,1.086,1.056,1.894E5,7.087E3,9.315,355.15298,355.15375,22,-0.025,0.044,9.285,9.38,DETECTED,355.1535,1.726E4,1.457E5,1.619,1.574,1.457E5,7.244E3,9.313,355.15323,355.15411,21,-0.021,0.048,9.284,9.372,DETECTED,355.1535,1.122E4,1.759E5,2.246,1.538,1.759E5
19755,6.139E3,10.067,285.07507,285.0759,69,1,3,0,0.98,0.16,0.00005,0.006,10.028,10.145,285.07544,7.919E3,1.254E5,1.254E5,Biochanin A: [M+H]+: 0.578,Biochanin A,0.58,C16H12O5,[M+H]+,285.07575,-1.07,284.06847,10.13,5.823E3,10.075,285.07477,285.07587,25,-0.033,0.046,10.037,10.145,DETECTED,285.07538,7.919E3,1.069E5,1.679,1.39,1.069E5,5.225E3,10.062,285.07513,285.07611,22,-0.021,0.039,10.035,10.138,DETECTED,285.0755,1.031E4,1.082E5,2.864,1.928,1.082E5,6.139E3,10.064,285.07507,285.0759,22,-0.021,0.041,10.028,10.133,DETECTED,285.07546,8.711E3,1.254E5,0.159,1.479,1.254E5
20615,8.737E3,10.347,285.07513,285.0759,88,1,3,0,0.99,0.08,0.00002,0.004,10.292,10.435,285.07546,8.431E3,1.777E5,1.777E5,,,,,,,,,,7.676E3,10.348,285.07513,285.0759,29,-0.04,0.041,10.298,10.435,DETECTED,285.07543,8.431E3,1.41E5,1.315,1.268,1.41E5,8.578E3,10.35,285.0751,285.07599,30,-0.044,0.043,10.299,10.429,DETECTED,285.07546,1.004E4,1.477E5,1.389,1.359,1.477E5,8.737E3,10.341,285.07483,285.07608,29,-0.044,0.043,10.292,10.424,DETECTED,285.07549,1.082E4,1.777E5,1.149,1.428,1.777E5
21270,3.158E3,10.549,341.13748,341.1384,35,1,3,0,0.98,0.24,0.00008,0.002,10.511,10.596,341.13792,8.566E3,7.085E4,7.085E4,8-Prenylnaringenin: [M+H]+: 0.630,8-Prenylnaringenin,0.63,C20H20O5,[M+H]+,341.13835,-1.25,340.13107,10.5,3.158E3,10.551,341.13748,341.1384,11,-0.021,0.044,10.517,10.596,DETECTED,341.13788,8.566E3,7.085E4,1.296,1.148,7.085E4,2.888E3,10.548,341.13678,341.1384,12,-0.017,0.069,10.516,10.576,DETECTED,341.13784,1.151E4,6.561E4,0.849,0.924,6.561E4,2.848E3,10.547,341.13754,341.13852,12,-0.017,0.331,10.511,10.578,DETECTED,341.13805,9.201E3,6.983E4,0.931,0.93,6.983E4
26659,1.6E4,12.265,355.1524,355.1539,97,1,3,0,0.99,0.13,0.00005,0.001,12.213,12.373,355.15355,9.995E3,3.512E5,3.512E5,Xanthohumol: [M+H]+: 0.697,Xanthohumol,0.7,C21H22O5,[M+H]+,355.154,-1.28,354.14672,12.3,1.45E4,12.264,355.1524,355.1539,26,-0.033,0.067,12.225,12.329,DETECTED,355.15353,2.412E4,3.31E5,1.518,1.323,3.31E5,1.6E4,12.264,355.15283,355.1539,33,-0.046,0.071,12.213,12.347,DETECTED,355.15349,9.995E3,3.512E5,1.846,1.473,3.512E5,1.539E4,12.266,355.1525,355.15405,38,-0.043,0.041,12.217,12.373,DETECTED,355.15362,1.462E4,2.994E5,0.918,1.408,2.994E5
